id,title,intro,poster,pubdate,url,rating,genres,star,comment,tags,star_time,card
37239528,ç›¸è¯†ä¹‹æ³ª,,https://dou.img.lithub.cc/music/37239528.jpg,2025-02-18,https://music.douban.com/subject/37239528/,7.1,æµè¡Œ,1,"è¿™å£è¯­â€¦â€¦å°±éè¦å”±è‹±è¯­å—ã€‚Tears, deja vuè¿™æ­é…ä¸€å‡ºæ¥å°±ç»·ä¸ä½äº†",,2026-01-20 22:38:18,Shii / 2025
37378503,Cutthroat,,https://dou.img.lithub.cc/music/37378503.jpg,2025-09-05,https://music.douban.com/subject/37378503/,6.5,æµè¡Œ,2,å¥½éš¾å¬,,2026-01-19 13:09:44,shame / 2025
6816154,ä½ åœ¨ç…©æƒ±ä»€éº¼,,https://dou.img.lithub.cc/music/6816154.jpg,2011-11-11,https://music.douban.com/subject/6816154/,9,æµè¡Œ,5,,,2026-01-15 13:49:48,è‹æ‰“ç»¿ / 2011
37528760,Beast EP,,https://dou.img.lithub.cc/music/37528760.jpg,2025-04-18,https://music.douban.com/subject/37528760/,0,,3,3+ å¬å¬å­,,2026-01-15 12:38:30,Witch Post / 2025
36833435,Diamond Jubilee,,https://dou.img.lithub.cc/music/36833435.jpg,2024-03-29,https://music.douban.com/subject/36833435/,8.7,æ‘‡æ»š,,"ä½ å¯ä»¥æ˜¯Cindy Lee, ä½†Patrick Flegelæˆ‘çˆ±ä½ ",,2026-01-15 05:29:11,Cindy Lee / 2024
37023010,ä¹Ÿå°±å¬ä¸ªæƒ³ï¼ˆHear itï¼ŒXiangXiang it!),,https://dou.img.lithub.cc/music/37023010.jpg,2024-09-01,https://music.douban.com/subject/37023010/,7.4,æ‘‡æ»š,3,2.8 Cut: å¯æ¶ï¼å±…ç„¶æƒ³éª—æˆ‘ï¼,,2026-01-12 23:42:01,æƒ³æƒ³ / 2024
37840532,JUNGLE +,,https://dou.img.lithub.cc/music/37840532.jpg,2025-11-14,https://music.douban.com/subject/37840532/,6.9,è¯´å”±,4,3.7 æœ‰åŠ¨å¿ƒæ€,,2026-01-12 23:40:47,Yaka / 2025
37439984,that lasts forever,,https://dou.img.lithub.cc/music/37439984.jpg,2025-07-08,https://music.douban.com/subject/37439984/,0,æ‘‡æ»š,2,rymä¸ºå•¥è¿™ä¹ˆå–œæ¬¢è¿™æ”¯â€¦â€¦,,2026-01-11 05:45:35,Sadness abriction / 2025
37439729,Racing Mount Pleasant,,https://dou.img.lithub.cc/music/37439729.jpg,2025-08-15,https://music.douban.com/subject/37439729/,8,æ‘‡æ»š,3,å¤ªåƒäº†â€¦â€¦,,2026-01-10 16:17:12,Racing Mount Pleasant / 2025
37222238,Birthing,,https://dou.img.lithub.cc/music/37222238.jpg,2025-05-30,https://music.douban.com/subject/37222238/,8.5,æ‘‡æ»š,,,,2026-01-10 16:14:06,å¤©é¹…ä¹é˜Ÿ Swans / 2025
37518523,äººäººéƒ½çˆ±å˜»å“ˆä¹,,https://dou.img.lithub.cc/music/37518523.jpg,2025-09-09,https://music.douban.com/subject/37518523/,8.2,è¯´å”±,,è®²è®²è‡ªå·±é‚£ç ´ç”Ÿæ´»å°±å¥½ï¼Œåˆ«ç¢°å…¶ä»–çš„,,2026-01-06 01:39:28,å¤ä¹‹ç¦¹ åœ°ç£å¡ / 2025
37241317,ç°å¤ªé˜³,,https://dou.img.lithub.cc/music/37241317.jpg,2025-02-22,https://music.douban.com/subject/37241317/,7.8,æ”¾å…‹/çµæ­Œ/R&B,,,,2026-01-06 00:55:42,æ–½é‘«æ–‡æœˆ / 2025
37888262,æµ·çš„å°¾å·´,,https://dou.img.lithub.cc/music/37888262.jpg,2025-11-27,https://music.douban.com/subject/37888262/,7,æµè¡Œ,3,,,2026-01-04 08:23:09,æµ·å°¾å·´ / 2025
37327571,æ¾ä¸€å£æ°”ï¼,,https://dou.img.lithub.cc/music/37327571.jpg,2025-04-20,https://music.douban.com/subject/37327571/,6.9,æ”¾å…‹/çµæ­Œ/R&B,4,ç©º,,2026-01-03 11:38:53,å›ç¯ RingAgain / 2025
37225280,å¦‚æœæ¯å¤©éƒ½å¯ä»¥ happy happy èª°æƒ³è¦sad:)) â€“ ä¸€èµ·å»åº¦å‡,,https://dou.img.lithub.cc/music/37225280.jpg,2025-03-07,https://music.douban.com/subject/37225280/,8.4,è¯´å”±,4,èˆ’æœæ,,2026-01-02 10:55:09,é™³å«ºéœ / 2025
37466777,Patch,,https://dou.img.lithub.cc/music/37466777.jpg,2025-08-05,https://music.douban.com/subject/37466777/,8.3,æ‘‡æ»š,4,Cut: ç¾æ¢¦æˆç©º,,2026-01-02 09:03:47,Fayzz / 2025
37127348,Heavy Metal,,https://dou.img.lithub.cc/music/37127348.jpg,2024-12-06,https://music.douban.com/subject/37127348/,7.3,æ‘‡æ»š,,,,2025-12-14 06:31:52,Cameron Winter / 2024
37746111,Tranquilizer,,https://dou.img.lithub.cc/music/37746111.jpg,2025-11-21,https://music.douban.com/subject/37746111/,8.4,ç”µå­,,Cut: Lifeworld,,2025-12-11 01:55:08,Oneohtrix Point Never / 2025
37812791,æš®å¤œå¾è¡Œ,,https://dou.img.lithub.cc/music/37812791.jpg,2025-10-30,https://music.douban.com/subject/37812791/,0,æ‘‡æ»š,1,æ€ä¹ˆèƒ½æ¯é¦–éƒ½è¿™ä¹ˆæŠ½è±¡åœ°éš¾å¬ï¼Œè¿™ä¸ªå›¢æ˜¯ç–¯äº†å—ï¼Ÿ,,2025-11-17 13:51:23,è€ç‹ä¹é˜Ÿ / 2025
37455104,Son Of Spergy,,https://dou.img.lithub.cc/music/37455104.jpg,2025-10-24,https://music.douban.com/subject/37455104/,0,æ”¾å…‹/çµæ­Œ/R&B,,"ä¸€ä¸ªæ›´ç–¯çš„ Daniel. Cut: Have A Baby (With Me), Who Knows",,2025-11-17 10:06:25,Daniel Caesar / 2025
37428480,Getting Killed,,https://dou.img.lithub.cc/music/37428480.jpg,2025-09-26,https://music.douban.com/subject/37428480/,0,æ‘‡æ»š,5,ç­‰å¾…å¤ªä¹…çš„çº½çº¦ä¹‹å£°,,2025-10-20 07:40:31,Geese / 2025
26987892,Here Comes A New Challenger!!,,https://dou.img.lithub.cc/music/26987892.jpg,2017-03-03,https://music.douban.com/subject/26987892/,8,æ‘‡æ»š,,,,2025-10-20 07:39:42,Chinese Football / 2017
30478501,Continueï¼Ÿ,,https://dou.img.lithub.cc/music/30478501.jpg,2019-03-01,https://music.douban.com/subject/30478501/,7.7,æ‘‡æ»š,,,,2025-10-20 07:39:14,Chinese Football / 2019
37465997,Vooid (2025),,https://dou.img.lithub.cc/music/37465997.jpg,2025-08-04,https://music.douban.com/subject/37465997/,0,æ‘‡æ»š,4,3.7. å™¨ä¹å’Œç¼–æ›²å‡ºè‰²ï¼Œæ­Œè¯æ›´åå‘cheesyè€Œä¸æ˜¯çœŸè¯šã€‚Cut: é£æ¥äº†,,2025-08-14 09:41:11,VOOID / 2025
37377333,Let God Sort Em Out,,https://dou.img.lithub.cc/music/37377333.jpg,2025-07-11,https://music.douban.com/subject/37377333/,0,è¯´å”±,4,åˆšå‡ºæ¥çš„æ—¶å€™çœ‹å°é¢æƒ³ç›´æ¥å¼ƒäº†ã€‚Cut: E.B.I.T.D.A,,2025-08-01 07:04:00,Clipse / 2025
37442922,DON'T TAP THE GLASS,,https://dou.img.lithub.cc/music/37442922.jpg,2025-07-21,https://music.douban.com/subject/37442922/,0,è¯´å”±,3,3.5 ç¨³å®šå‘æŒ¥ï¼Œéå¸¸ç›´ç”·çš„ä¸€å¼ ã€‚Ring Ring Ring å¥½ç”œ,,2025-08-01 07:02:45,"Tyler, The Creator / 2025"
27006707,Slowdive,,https://dou.img.lithub.cc/music/27006707.jpg,2017-05-05,https://music.douban.com/subject/27006707/,8.9,æ‘‡æ»š,4,è¿™æ˜¯çœŸæ€€æ—§ã€‚Cut: Everyone Knows,,2025-07-12 01:31:43,Slowdive / 2017
34976473,D>E>A>T>H>M>E>T>A>L,,https://dou.img.lithub.cc/music/34976473.jpg,2000-06-18,https://music.douban.com/subject/34976473/,8.5,æ‘‡æ»š,4,Cut: Stabilisers For Big Boys,,2025-07-11 13:37:48,Panchiko / 2000
37328112,Belly Up,,https://dou.img.lithub.cc/music/37328112.jpg,2025-05-09,https://music.douban.com/subject/37328112/,0,,,è±ªå¬,,2025-07-07 04:55:22,Moin / 2025
4714807,è…¦æµ·ç¾¤å³¶,,https://dou.img.lithub.cc/music/4714807.jpg,2010-02-13,https://music.douban.com/subject/4714807/,8.4,æ‘‡æ»š,,Nice background music. Cut: æ•²å“çš„é’Ÿ,,2025-07-05 08:00:34,ç”œæ¢…è™Ÿ / 2010
37319719,More,,https://dou.img.lithub.cc/music/37319719.jpg,2025-06-06,https://music.douban.com/subject/37319719/,0,æ‘‡æ»š,,å¯èƒ½æ˜¯æˆ‘åˆ»æ¿å°è±¡äº†ï¼Œè‹±å›½è¿™å‡ ä¸ªçœŸæ˜¯ä¸€ä¸ªéƒ½å¬ä¸æ¥ã€‚æœ‰ä¸‰å››é¦–çœŸçš„å¤ªéš¾å¬äº†ã€‚Tinaå’ŒMy Sexå¾ˆcringe,,2025-07-01 07:51:52,Pulp / 2025
37337317,Virgin,,https://dou.img.lithub.cc/music/37337317.jpg,2025-06-27,https://music.douban.com/subject/37337317/,0,æµè¡Œ,4,3.5. æœ‰ç‚¹æµ®èºï¼ŸCut: broken glass,,2025-06-30 07:02:00,Lorde / 2025
37392834,å‹‡æ°—,,https://dou.img.lithub.cc/music/37392834.jpg,2025-06-11,https://music.douban.com/subject/37392834/,0,æ‘‡æ»š,,å¬äº†å‡ éæ„£æ˜¯æ²¡æ„Ÿè§‰,,2025-06-29 04:14:00,betcover!! / 2025
36965882,å£,,https://dou.img.lithub.cc/music/36965882.jpg,2024-07-18,https://music.douban.com/subject/36965882/,8.5,æ‘‡æ»š,4,å¥½å¬ï¼ä¸ºç‰›ç‰›æ‰“call,,2025-06-07 03:33:31,æ™•è½¦çš„è½¦ Carsick Cars / 2024
37258584,The Scholars,,https://dou.img.lithub.cc/music/37258584.jpg,2025-05-02,https://music.douban.com/subject/37258584/,7.8,æ‘‡æ»š,3,å“¥æ˜¯ä¸æ˜¯å¹¸ç¦äº†ï¼Œè¿™ä¹ˆmediocre,,2025-05-23 23:50:22,Car Seat Headrest / 2025
35928594,Expert In A Dying Field,,https://dou.img.lithub.cc/music/35928594.jpg,2022-09-16,https://music.douban.com/subject/35928594/,7.6,æ‘‡æ»š,3,,,2025-05-13 23:42:09,The Beths / 2022
37014837,The New Sound,,https://dou.img.lithub.cc/music/37014837.jpg,2024-10-04,https://music.douban.com/subject/37014837/,8.1,æ‘‡æ»š,,,,2025-04-28 17:51:17,Geordie Greep / 2024
36958821,Imaginal Disk,,https://dou.img.lithub.cc/music/36958821.jpg,2024-08-23,https://music.douban.com/subject/36958821/,8.6,ç”µå­,3,,,2025-04-28 17:51:10,Magdalena Bay / 2024
6019284,"æ—¶é—´å¤ªå‡¶ç‹ , å›å¿†è¿‡äºç¾ä¸½",,https://dou.img.lithub.cc/music/6019284.jpg,2011-03-18,https://music.douban.com/subject/6019284/,8.8,æ‘‡æ»š,3,åƒå‰§æœ¬æ€åº—æ”¾çš„èƒŒæ™¯éŸ³ä¹,,2025-04-23 06:01:21,æ—¶è¿‡å¤æœ« Summer Fades Away / 2011
37220949,Forever Howlong,,https://dou.img.lithub.cc/music/37220949.jpg,2025-04-04,https://music.douban.com/subject/37220949/,0,æ‘‡æ»š,5,å¤ªå¥½äº†ï¼Œsocksä¸æ¯”ä»»ä½•å‰é¢çš„å•æ›²å·®ã€‚æˆ‘ä¸¥é‡æ€€ç–‘å¬ä¸è¿›å»æ–°ä¸“çš„äººå‰é¢å‡ ä¸“å¯èƒ½ä¹Ÿæ²¡å¬æ‡‚,,2025-04-22 08:25:15,"Black Country, New Road / 2025"
37307052,"SABLE, fABLE",,https://dou.img.lithub.cc/music/37307052.jpg,2025-04-11,https://music.douban.com/subject/37307052/,0,æµè¡Œ,3,3.4 å‡ é¦–åˆä½œå¥½å¬,,2025-04-17 07:58:50,Bon Iver / 2025
6812062,The Year Of Hibernation,,https://dou.img.lithub.cc/music/6812062.jpg,2011-07-05,https://music.douban.com/subject/6812062/,8.8,ç”µå­,5,çœŸçš„å¤ªå¥½äº†ï¼Œyouth lagoonçš„ä¸“è¾‘èƒ½æ•‘æˆ‘ç‹—å‘½,,2025-04-06 05:34:30,Youth Lagoon / 2011
37203656,Forever Is A Feeling,,https://dou.img.lithub.cc/music/37203656.jpg,2025-03-28,https://music.douban.com/subject/37203656/,0,æµè¡Œ,3,å¹³å¹³æ— å¥‡ä½†å£°éŸ³çœŸè¯š,,2025-03-30 15:18:43,Lucy Dacus / 2025
20440214,In A Perfect World,,https://dou.img.lithub.cc/music/20440214.jpg,2013-06-10,https://music.douban.com/subject/20440214/,8.6,æ‘‡æ»š,5,,,2025-03-23 00:58:40,Kodaline / 2013
1401820,Young Team,,https://dou.img.lithub.cc/music/1401820.jpg,1997,https://music.douban.com/subject/1401820/,8.7,æ‘‡æ»š,,åªæ„Ÿå†’ opening å’Œ closing tracks,,2025-03-17 07:11:30,Mogwai / 1997
37195181,Rarely Do I Dream,,https://dou.img.lithub.cc/music/37195181.jpg,2025-02-21,https://music.douban.com/subject/37195181/,0,æµè¡Œ,5,æ€ä¹ˆèƒ½è¿™ä¹ˆå¥½å¬å•Šæˆ‘çœŸçš„æ¨äº†,,2025-03-10 12:20:40,Youth Lagoon / 2025
36733977,A LA SALA,,https://dou.img.lithub.cc/music/36733977.jpg,2024-04-05,https://music.douban.com/subject/36733977/,7.4,æµè¡Œ,,é™¤äº†æœ‰äººå£°é‚£é¦–å…¶ä»–éƒ½æ— æ„Ÿ,,2025-02-18 21:40:02,Khruangbin / 2024
36758829,I'M DOING IT AGAIN BABY!,,https://dou.img.lithub.cc/music/36758829.jpg,2024-04-12,https://music.douban.com/subject/36758829/,7,æµè¡Œ,3,å—“éŸ³è¿˜è¡Œï¼Œåˆ›ä½œå¤ªæ— èŠäº†,,2025-02-18 21:38:18,girl in red / 2024
36916620,Hot Sun Cool Shroud,,https://dou.img.lithub.cc/music/36916620.jpg,2024-06-28,https://music.douban.com/subject/36916620/,0,æ‘‡æ»š,,,,2025-02-12 00:35:13,Wilco / 2024
37080429,American Football (Covers),,https://dou.img.lithub.cc/music/37080429.jpg,2024-10-18,https://music.douban.com/subject/37080429/,0,æ‘‡æ»š,,é‡è¿°ä¼Ÿå¤§ï¼ŒEthel Cain å¥½,,2025-02-11 15:10:06,ç¾å¸è¶³çƒé˜Ÿ American Football Iron And Wine Blondshell Novo Amor & Lowswimmer Ethel Cain Yvette Young Girl Ultra M.A.G.S. Manchester Orchestra John McEntire / 2024
36736990,Bright Future,,https://dou.img.lithub.cc/music/36736990.jpg,2024-03-22,https://music.douban.com/subject/36736990/,8.1,æ°‘è°£,4,å°é¢ä¸Šçš„äººæ˜¯è°ï¼Ÿ,,2025-02-09 02:05:34,Adrianne Lenker / 2024
37151690,çç åˆ‘,,https://dou.img.lithub.cc/music/37151690.jpg,2024-12-24,https://music.douban.com/subject/37151690/,8,æµè¡Œ,2,è¦ä¹ˆé‡å¤è¦ä¹ˆå±ï¼Œé‡å¤çš„è¿˜å¥½å¬ä¸€äº›,,2025-02-09 01:22:06,é­å¦‚è± Waa Wei / 2024
36185374,My 21st Century Blues,,https://dou.img.lithub.cc/music/36185374.jpg,2023-02-03,https://music.douban.com/subject/36185374/,8.3,æ”¾å…‹/çµæ­Œ/R&B,,,,2025-02-06 15:29:03,RAYE / 2023
30268340,"Like Author, Like Daughter",,https://dou.img.lithub.cc/music/30268340.jpg,2017-06-16,https://music.douban.com/subject/30268340/,8.5,æ‘‡æ»š,5,æœ‰ç‚¹é‡å¤ï¼Œå¥ˆä½•å¤ªå¥½å¬äº†,,2025-02-02 15:30:06,Midwife / 2017
37021955,Nobody Loves You More,,https://dou.img.lithub.cc/music/37021955.jpg,2024-11-22,https://music.douban.com/subject/37021955/,0,,5,"Cut: Coast, Wish I Was",,2025-02-02 15:28:58,Kim Deal / 2024
35209449,åä¸‡ä¸ªä¸ºä»€ä¹ˆ,,https://dou.img.lithub.cc/music/35209449.jpg,2020-09-24,https://music.douban.com/subject/35209449/,8.1,æ‘‡æ»š,,,,2025-02-01 18:46:49,æƒ˜é—» / 2020
36775423,Lives Outgrown,,https://dou.img.lithub.cc/music/36775423.jpg,2024-05-17,https://music.douban.com/subject/36775423/,8.4,æ‘‡æ»š,,ä¸°å¯Œçš„éŸ³ä¹ï¼Œå‹ç¼©çš„ç»éªŒã€‚ä¸ºå•¥è¿™ä¹ˆå¼‚åŸŸ,,2025-02-01 17:52:45,Beth Gibbons / 2024
37073899,Leave Another Day,,https://dou.img.lithub.cc/music/37073899.jpg,2024-10-01,https://music.douban.com/subject/37073899/,0,ç”µå­,,æ¢¦å‘“,,2025-01-31 22:45:21,Milan W. / 2024
36934818,Escaper,,https://dou.img.lithub.cc/music/36934818.jpg,2024-09-06,https://music.douban.com/subject/36934818/,0,æµè¡Œ,4,è¿™ä¹ˆä¼˜è´¨ğŸ˜® æ­Œè¯åˆçœŸè¯šåˆç©ºæ´ç«Ÿé¿å¼€äº†cheesyåœ°å¸¦ã€‚Sublime å¤ªå¥½å¬äº†,,2025-01-28 10:07:15,Sarah Kinsley / 2024
36775103,"If I donâ€‹â€™â€‹t make it, I love u",,https://dou.img.lithub.cc/music/36775103.jpg,2024-04-12,https://music.douban.com/subject/36775103/,6.7,æ‘‡æ»š,5,åƒæ¢¦ä¸­ä½ è§‰å¾—æƒŠè‰³çš„é‚£äº›æ—‹å¾‹ã€‚å®é™…ä¸Šç ´ç¢ä¸æˆç« ï¼Œå‘•å“‘éš¾ä¸ºå¬ã€‚ä½†é‚£äº›é€šçµçš„å£°éŸ³åœ¨é†’åè¿˜ä¼šåœ¨è€³è¾¹éœ‡åŠ¨ä¸€é˜µ,,2025-01-25 17:02:31,Still House Plants / 2024
36745832,Arab Strap - Iâ€™m totally fine with it ğŸ‘donâ€™t give a fuck anymore ğŸ‘,,https://dou.img.lithub.cc/music/36745832.jpg,2024-05-10,https://music.douban.com/subject/36745832/,0,æ‘‡æ»š,3,2.5. æ„Ÿè§‰æ˜¯åå‡ å¹´å‰åŸä¸­æ‘ç½‘å§é‡Œè‡ªè¯©å¹½é»˜çš„é­”å…½è€å“¥ä¼šå–œæ¬¢/åˆ¶ä½œçš„éŸ³ä¹,,2025-01-24 09:34:51,Arab Strap / 2024
1404839,Blue,,https://dou.img.lithub.cc/music/1404839.jpg,1971-06-22,https://music.douban.com/subject/1404839/,9.3,æ°‘è°£,,äººå£°è¡¨ç°å¤ªå˜æ€äº†ï¼Œä¸æ•¢ç›¸ä¿¡æ˜¯1971å¹´çš„å½•éŸ³è´¨é‡,,2025-01-22 05:49:02,Joni Mitchell / 1971
30476608,Life In A Vacuum,,https://dou.img.lithub.cc/music/30476608.jpg,2019-03-01,https://music.douban.com/subject/30476608/,7.3,æ‘‡æ»š,4,æ€ä¹ˆè¯´çš„æ¥ç€ï¼Œstarry and flamy,,2025-01-22 05:47:25,ç¼ºçœ / 2019
37032160,You Never End,,https://dou.img.lithub.cc/music/37032160.jpg,2024-10-25,https://music.douban.com/subject/37032160/,0,æ‘‡æ»š,5,äººå£°ç”¨çš„å¤ªå¥½äº†ï¼Œå‰ä»–å¤ªå¥½äº†,,2025-01-19 16:09:09,Moin / 2024
36627209,Prelude To Ecstasy,,https://dou.img.lithub.cc/music/36627209.jpg,2024-02-02,https://music.douban.com/subject/36627209/,7.5,æ‘‡æ»š,3,3.4,,2025-01-19 16:07:32,The Last Dinner Party / 2024
36693790,Great Doubt,,https://dou.img.lithub.cc/music/36693790.jpg,2024-01-22,https://music.douban.com/subject/36693790/,7.2,æµè¡Œ,3,æ­Œè¯å¥½ç–¯,,2025-01-17 23:34:24,Astrid Sonne / 2024
36661993,What Now,,https://dou.img.lithub.cc/music/36661993.jpg,2024-02-09,https://music.douban.com/subject/36661993/,7.6,å¸ƒé²æ–¯,5,å§ç¡®å®æ˜¯å¤ªé…·äº†,,2025-01-17 08:59:26,Brittany Howard / 2024
36870270,There Is A Garden,,https://dou.img.lithub.cc/music/36870270.jpg,2024-06-07,https://music.douban.com/subject/36870270/,0,çˆµå£«,,è°å®¶å¤§é¹…è·‘å‡ºæ¥äº†ï¼éå¸¸æœ‰å¼ åŠ›ï¼Œä½†å¼ åŠ›çš„ç»“æ„å¤ªè§„çŸ©äº†,,2025-01-15 11:18:41,Beings / 2024
36897025,Noï¼Œnoï¼,,https://dou.img.lithub.cc/music/36897025.jpg,2024-05-13,https://music.douban.com/subject/36897025/,8,æ‘‡æ»š,4,3.5. æˆ‘ç›¸ä¿¡æ˜¯å¾ˆçœŸè¯šçš„ï¼Œä½†å¸Œæœ›ä¸‹ä¸€å¼ å¯ä»¥å»æ‰é‚£äº›æ²¡è¥å…»çš„ä¸œè¥¿,,2025-01-14 11:29:40,å¼ é†’å©µ / 2024
36740862,Wood Blues,,https://dou.img.lithub.cc/music/36740862.jpg,2024-04-12,https://music.douban.com/subject/36740862/,0,çˆµå£«,,æ€äººå•¦ğŸ«¨,,2025-01-14 06:21:34,Ø£Ø­Ù…Ø¯ [ahmed] / 2024
37002545,æƒ³åƒçš„æœ‹å‹,,https://dou.img.lithub.cc/music/37002545.jpg,2024-04-30,https://music.douban.com/subject/37002545/,0,,,ç¬¬äºŒé¦–å¥½å¬ï¼Œæœ€åä¸€é¦–ä»€ä¹ˆé¬¼ï¼Ÿ,,2025-01-12 11:12:58,The Tic Tac / 2024
37107862,Balancing Act,,https://dou.img.lithub.cc/music/37107862.jpg,2024-10-28,https://music.douban.com/subject/37107862/,0,,3,å¶æœ‰äº®ç‚¹ï¼Œå¤ªè§„çŸ©äº†ï¼ŒæœŸå¾…æ›´å¤š,,2025-01-12 10:38:56,Bedchamber Subsonic Eye / 2024
36725455,ç»´å§Â·Ghetto Club,,https://dou.img.lithub.cc/music/36725455.jpg,2024-01-10,https://music.douban.com/subject/36725455/,7.1,è¯´å”±,4,"3.5. æˆç†Ÿï¼Œå®Œæˆåº¦æŒºé«˜çš„ã€‚å¤ªå–œæ¬¢AThreeçš„æ™®é€šè¯éŸ³è‰²äº†ã€‚æ½ä½¬å¾ˆæƒŠå–œã€‚é—®é¢˜æ˜¯å˜åŒ–å¤ªå°‘ã€ç»†èŠ‚å¤ªå°‘ï¼Œå¤ªå…¬å¼åŒ–äº†ï¼Œå°±åƒç»´æ—æ—‹å¾‹é…ä¸ŠJersey Club, åˆå¬å¾ˆéœ‡æ’¼ï¼Œä¸¤å¥åå°±ç–²äº†ã€‚ä¸å¤ŸçœŸè¯šä¹Ÿæ˜¯å›½å†…rapperé€šç—…äº†",,2025-01-09 21:03:51,AThree / 2024
36973350,ä¹Œæœ‰ä¹¡åœ°å›¾,,https://dou.img.lithub.cc/music/36973350.jpg,2024-07-26,https://music.douban.com/subject/36973350/,6.6,æ°‘è°£,,1+1ï¼œï¼œ1. é™ˆç²’è‡ªå·±çš„è¯æ¯”è¥¿å·è€å¤´çš„å¥½,,2025-01-09 11:42:07,é™ˆç²’ / 2024
36775064,Here In The Pitch,,https://dou.img.lithub.cc/music/36775064.jpg,2024-05-03,https://music.douban.com/subject/36775064/,8.5,æ°‘è°£,,æ— æ„Ÿ,,2025-01-08 09:25:38,Jessica Pratt / 2024
37000629,the three mice,,https://dou.img.lithub.cc/music/37000629.jpg,2024-08-09,https://music.douban.com/subject/37000629/,8.1,æ‘‡æ»š,3,,,2025-01-07 13:14:44,é¼ é¼ é¼  / 2024
37165101,å—,,https://dou.img.lithub.cc/music/37165101.jpg,2024-12-20,https://music.douban.com/subject/37165101/,6.3,æµè¡Œ,3,éŸ³ä¹æ²¡ä»€ä¹ˆæ„æ€ï¼Œä½†æˆ‘å¥½å–œæ¬¢æŒä¿®ã€‚btwè¿™å¼ å¥½è‰²å“¦,,2025-01-07 11:37:21,æŒä¿® chih siou / 2024
36733981,The Collective,,https://dou.img.lithub.cc/music/36733981.jpg,2024-03-08,https://music.douban.com/subject/36733981/,7.7,æ‘‡æ»š,,æ— æ„Ÿ,,2025-01-07 06:46:15,Kim Gordon / 2024
36927848,No Depression In Heaven,,https://dou.img.lithub.cc/music/36927848.jpg,2024-09-06,https://music.douban.com/subject/36927848/,0,,3,è¿™å¼ ä¸€èˆ¬ï¼Œä½†è¿˜æ˜¯å¾ˆå–œæ¬¢midwife,,2025-01-05 17:45:25,Midwife / 2024
37010489,å…«æ–¹æ¥è´¢,,https://dou.img.lithub.cc/music/37010489.jpg,2024-08-20,https://music.douban.com/subject/37010489/,7.3,è¯´å”±,5,å¤ªæç¬‘äº†ï¼Œå¬å®Œæƒ³è·Ÿæ½ä½¬æ‰“ç‰Œã€‚ç”¨â€œå”â€æ”»å‡»è¿™å¼ è·Ÿç”¨â€œä¸­ä¸“â€æ”»å‡»è¯´å”±ä¸€æ ·ï¼šè¿™ä¸æ˜¯ä¸¥è‚ƒéŸ³ä¹ï¼Œè¿™æ˜¯æ— ä¸šå¹¿ä¸œä»”ç©¿ç€æ‹–é‹ååœ¨å¡‘æ–™å‡³ä¸Šæ‰“ç‰Œçš„å¹½é»˜é…ä¹ï¼Œæ½ä½¬æŠ“ä½å¹¶å†™é€äº†è¿™ä¸ªç”Ÿæ´»åœºæ™¯ã€‚å³ä½¿è¯´éŸ³ä¹æ€§è¿™ä¹Ÿæ˜¯ä¸€å¼ å¥½ä¸“è¾‘ï¼Œå¾‹åŠ¨ã€è…”è°ƒã€wordplay éƒ½å¾ˆå¥½ã€‚æ›´å¥½çš„æ˜¯æ½ä½¬çš„å£éŸ³ï¼ˆæ¯æ¬¡ä¸€å¼€å£æˆ‘å°±æƒ³ç¬‘ï¼Œå¤ªåƒèº«è¾¹äººäº†ï¼‰å’Œæ–¹è¨€å†™ä½œã€‚ç¼–æ’ä¹Ÿæ˜¯æ— æ•Œï¼Œæ¯”å¦‚ã€ŠåŠ æ²¹å¡ã€‹ä¸­ç¼–å…¥å˜´ç“¢çš„â€œä½è°ƒâ€ï¼Œæ ¹æœ¬æ²¡è§è¿‡çš„ç©æ„,,2025-01-05 11:39:38,æ½ä½¬SKAI ISYOURGOD / 2024
37151625,å¤©ç¥,,https://dou.img.lithub.cc/music/37151625.jpg,2024-11-23,https://music.douban.com/subject/37151625/,0,è¯´å”±,1,,,2025-01-05 11:27:28,ä¸‰ç«flame / 2024
37034316,Seed Cake On Leap Year,,https://dou.img.lithub.cc/music/37034316.jpg,2024-09-07,https://music.douban.com/subject/37034316/,0,æ‘‡æ»š,5,è¿™æŠŠå¹´é¾„äº†å¬å¼ƒæ›²å¬çš„è€æ³ªçºµæ¨ªçš„ã€‚æ€ä¼¤åŠ›å¤ªå¤§äº†ï¼Œå£°ä¹è¡¨ç°å¤ªå¼ºäº†,,2025-01-04 16:33:54,Cass McCombs / 2024
36927011,My Method Actor,,https://dou.img.lithub.cc/music/36927011.jpg,2024-09-13,https://music.douban.com/subject/36927011/,7.8,,4,æ¯é¦–æ­Œéƒ½å¥½ç²¾è‡´ã€å¥½å¬ï¼Œé…å™¨å¾ˆå…‹åˆ¶,,2025-01-04 10:28:22,NilÃ¼fer Yanya / 2024
36904834,Charm,,https://dou.img.lithub.cc/music/36904834.jpg,2024-07-12,https://music.douban.com/subject/36904834/,8.2,æ°‘è°£,2,è·Ÿçƒ­è¯„â€œå…ˆè¡Œå³å…¨ä¸“â€â€œLuara Marlingâ€å¬æ„Ÿä¸€æ ·ã€‚å…¨ç¨‹ä¸€ä¸ªè°ƒå­ã€ä¸€ä¸ªä¸»é¢˜ã€ä¸€ç§å£°éŸ³ã€ä¸€ç§ç¼–æ’ï¼Œç”šè‡³è¿å£°é‡éƒ½æ²¡æœ‰åŠç‚¹å˜åŒ–ï¼Œå®åœ¨å¬ç€éš¾å—,,2025-01-03 14:00:45,Clairo / 2024
36771909,"Where we've been, Where we go from here",,https://dou.img.lithub.cc/music/36771909.jpg,2024-02-16,https://music.douban.com/subject/36771909/,8.3,æ‘‡æ»š,5,å¾ˆå®Œç¾,,2025-01-03 10:07:22,Friko / 2024
36959743,Patterns In Repeat,,https://dou.img.lithub.cc/music/36959743.jpg,2024-10-25,https://music.douban.com/subject/36959743/,7.8,æ°‘è°£,2,é™¤äº†interludeå¥½å¬ï¼Œå…¶ä»–éƒ½å¥½éš¾å¬,,2025-01-03 07:23:17,Laura Marling / 2024
36943196,Eels,,https://dou.img.lithub.cc/music/36943196.jpg,2024-09-27,https://music.douban.com/subject/36943196/,7.2,æ‘‡æ»š,4,3.5 è½»ç›ˆæœ‰è¶£,,2025-01-02 17:28:28,Being Dead / 2024
36777099,Your Day Will Come,,https://dou.img.lithub.cc/music/36777099.jpg,2024-04-19,https://music.douban.com/subject/36777099/,0,æµè¡Œ,3,2.5 åˆçŸ­åˆæ•£åˆå†·ã€‚è¯æœ‰ç‚¹æ„æ€ã€‚å¯¹ä»€ä¹ˆcommunityä¸æ„Ÿå…´è¶£ã€‚Cut: Urn,,2024-12-29 17:00:21,Chanel Beads / 2024
37021977,your perfect hands and my repeated words,,https://dou.img.lithub.cc/music/37021977.jpg,2024-08-23,https://music.douban.com/subject/37021977/,0,æ‘‡æ»š,2,æ˜¯ä¸æ˜¯ææˆ‘å•Šï¼Ÿæ¯é¦–æ­Œç¬¬ä¸€æ®µéƒ½â€œperfectâ€çš„ä¸è¡Œï¼Œåé¢é©¬ä¸Šæ²¡æœ‰ä¾‹å¤–åœ°å˜æˆâ€œrepeatedâ€å±äº†,,2024-12-28 18:38:03,Sadness / 2024
36943742,Manning Fireworks,,https://dou.img.lithub.cc/music/36943742.jpg,2024-09-06,https://music.douban.com/subject/36943742/,7.3,æ‘‡æ»š,4,æ„Ÿè§‰å¦‚æœæˆ‘æ˜¯ç¾å›½äººæˆ‘ä¼šæ›´ä¸Šå¤´,,2024-12-13 07:24:05,MJ Lenderman / 2024
36492110,å¤œé£Ÿå ‚é§­äººäº‹ä»¶-A Chilling Winter Night,,https://dou.img.lithub.cc/music/36492110.jpg,2023-07-24,https://music.douban.com/subject/36492110/,7.8,æ”¾å…‹/çµæ­Œ/R&B,,,,2024-12-12 10:28:10,Pu Poo Platter / 2023
37088197,å¤ªé˜³å…‰æ˜ç…§æˆ‘å¿ƒ,,https://dou.img.lithub.cc/music/37088197.jpg,2024-10-26,https://music.douban.com/subject/37088197/,7.5,æµè¡Œ,3,ä¸“è¾‘ä¸€èˆ¬ï¼Œå¤ªçŸ­äº†ã€‚ä½†æ˜¯åœ¨ Hopico çš„æ‰“æ­Œæ¯«æ— ç–‘é—®æ˜¯ä»Šå¹´æœ€ä½³ç°åœº,,2024-12-11 08:07:27,æ–‡å…†æ° / 2024
36966013,æ¢¦æƒ³å®¶ The Dreamer,,https://dou.img.lithub.cc/music/36966013.jpg,2024-10-18,https://music.douban.com/subject/36966013/,7.9,æ”¾å…‹/çµæ­Œ/R&B,2,,,2024-12-09 09:17:19,æ–¹å¤§åŒ Khalil Fong / 2024
2011571,The Story,,https://dou.img.lithub.cc/music/2011571.jpg,2007-04-03,https://music.douban.com/subject/2011571/,9.1,æ‘‡æ»š,,,,2024-12-02 11:16:58,Brandi Carlile / 2007
37129695,GNX,,https://dou.img.lithub.cc/music/37129695.jpg,2024-11-22,https://music.douban.com/subject/37129695/,0,è¯´å”±,4,sza å¥½å¬çš„,,2024-11-27 09:29:29,Kendrick Lamar / 2024
36891012,for the rest of your life,,https://dou.img.lithub.cc/music/36891012.jpg,2024-05-10,https://music.douban.com/subject/36891012/,0,æ‘‡æ»š,4,æ¸©æš–çš„ï¼Œä¼šå¿ƒçš„,,2024-11-25 15:06:43,twikipedia / 2024
36530087,The Rise And Fall Of A Midwest Princess,,https://dou.img.lithub.cc/music/36530087.jpg,2023-09-22,https://music.douban.com/subject/36530087/,8.4,æ”¾å…‹/çµæ­Œ/R&B,5,æ²¡æœ‰ä»€ä¹ˆæ¯”ä¸€å¼ å‹‡æ•¢çš„æµè¡Œä¸“è¾‘æ›´åŠ¨äººçš„äº†,,2024-11-18 05:58:07,Chappell Roan / 2023
36992194,Sky Hundred,,https://dou.img.lithub.cc/music/36992194.jpg,2024-08-07,https://music.douban.com/subject/36992194/,6.7,æ‘‡æ»š,5,æ›´å¥½äº†,,2024-11-10 10:38:04,Parannoul / 2024
37052647,Songs Of A Lost World,,https://dou.img.lithub.cc/music/37052647.jpg,2024-11-01,https://music.douban.com/subject/37052647/,0,æ‘‡æ»š,,Cut: And Nothing is Forever,,2024-11-04 17:38:24,The Cure / 2024
3026456,ï¼™ï¼˜ï¼ï¼‘ï¼’ï¼ï¼’ï¼˜ ç”·é”ã®åˆ¥ã‚Œ,,https://dou.img.lithub.cc/music/3026456.jpg,1999-09-29,https://music.douban.com/subject/3026456/,9.7,æ‘‡æ»š,5,å¬å®Œç–¯äº†,,2024-10-29 09:51:26,FISHMANS / 1999
36914483,In Waves,,https://dou.img.lithub.cc/music/36914483.jpg,2024-09-20,https://music.douban.com/subject/36914483/,8.5,ç”µå­,3,Cut: All You Children,,2024-10-17 08:42:00,Jamie xx / 2024
36967911,Flood,,https://dou.img.lithub.cc/music/36967911.jpg,2024-09-20,https://music.douban.com/subject/36967911/,0,,3,æ€ä¹ˆå˜æˆsinger-songwriteräº†,,2024-10-13 01:11:31,Hippo Campus / 2024
37021954,"NOâ€ˆTITLE AS OF 13 FEBRUARY 2024 28,340 DEAD",,https://dou.img.lithub.cc/music/37021954.jpg,2024-10-04,https://music.douban.com/subject/37021954/,8.5,æ‘‡æ»š,,Cut: tracks 2&3,,2024-10-07 22:33:48,Godspeed You! Black Emperor / 2024
36917626,The Forest Is The Path,,https://dou.img.lithub.cc/music/36917626.jpg,2024-09-13,https://music.douban.com/subject/36917626/,0,,2,æ— èŠ,,2024-09-19 06:44:23,Snow Patrol / 2024
26382396,Painted Shut,,https://dou.img.lithub.cc/music/26382396.jpg,2015-05-04,https://music.douban.com/subject/26382396/,7.8,æ‘‡æ»š,5,ä½ å¯ä»¥ç”¨â€œå¤©æ‰â€å½¢å®¹ä¸€ç§æ­Œå£°ã€‚æ­Œè¯ä½œä¸ºä¸€ç§ç‹¬ç«‹çš„æ–‡æœ¬ï¼ŒéŸ³ä¹ä¸ºå…¶èµ‹é­…ã€‚ä»–ä»¬è¯´è¿™æ˜¯emo,,2024-09-15 10:39:38,Hop Along / 2015
25986087,Songs of Innocence,,https://dou.img.lithub.cc/music/25986087.jpg,2014-10-14,https://music.douban.com/subject/25986087/,8.1,æ‘‡æ»š,,,,2024-09-14 09:37:34,U2 / 2014
36949683,Beta,,https://dou.img.lithub.cc/music/36949683.jpg,2024-08-09,https://music.douban.com/subject/36949683/,0,,2,å¤±æœ›ï¼Œå¦‚æœå…ˆå¬äº†è¿™ä¸“çš„è¯å¯èƒ½å°±ä¸ä¼šå»çœ‹liveäº†,,2024-09-12 04:29:20,Peter Cat Recording Co. / 2024
25709562,å®‰å’Œæ¡¥åŒ—,,https://dou.img.lithub.cc/music/25709562.jpg,2013-08-26,https://music.douban.com/subject/25709562/,8.9,æ°‘è°£,,æˆ‘æœ‰å¾ˆå¤šç»™æ»¡åˆ†çš„ç†ç”±ï¼Œä¹Ÿæœ‰å¾ˆå¤šç»™é›¶åˆ†çš„ç†ç”±ã€‚å¾ˆå¤šåŒ—æ–¹çš„ç†ç”±ï¼Œå¾ˆå¤šå—æ–¹çš„ç†ç”±ã€‚å¾ˆå¤šéŸ³ä¹ç›¸å…³çš„ç†ç”±ï¼Œå¾ˆå¤šéŸ³ä¹æ— å…³çš„ç†ç”±ã€‚å¾ˆå¤šç§äººçš„ç†ç”±ï¼Œå¾ˆå¤šå…¬å…±çš„ç†ç”±ã€‚ä½†èƒ–å­çš„éŸ³ä¹æ¸¸ç¦»äºè¿™äº›ç†ç”±ä¹‹å¤–,,2024-09-01 15:33:01,å®‹å†¬é‡ / 2013
25811077,å…‹åœå‹’,,https://dou.img.lithub.cc/music/25811077.jpg,2014-02-27,https://music.douban.com/subject/25811077/,8.7,æµè¡Œ,5,æ²¡æœ‰ä¸€ä¸ªéŸ³èŠ‚æ˜¯ä¸å¥½å¬çš„ï¼Œæœ€è¿‘æ²‰è¿·äºã€Šé”™è§‰ã€‹ï¼Œæœ€æ™®é€šçš„ç«Ÿç„¶æ˜¯ã€Šå…‹åœå‹’ã€‹ï¼Ÿ,,2024-09-01 15:27:29,å­™ç‡•å§¿ / 2014
36912099,"Sun Melting, Rain Drizzling",,https://dou.img.lithub.cc/music/36912099.jpg,2024-06-01,https://music.douban.com/subject/36912099/,7.4,æ‘‡æ»š,2,è¿™äº›éŸ³ä¹æˆ‘åœ¨å°å­¦æ”¾å­¦å›å®¶çš„è·¯ä¸Šéƒ½å“¼å”±è¿‡äº†,,2024-08-17 17:01:10,chestnut bakery / 2024
36188024,ã‚ã®ã¡,,https://dou.img.lithub.cc/music/36188024.jpg,2023-02-01,https://music.douban.com/subject/36188024/,8.9,æ‘‡æ»š,4,å¬è¿™äº›å¤æ‚çš„éŸ³ä¹æˆ‘æ€»ä¼šé—®ï¼Œâ€œä½ èƒ½å¬åˆ°åˆ«çš„ä»€ä¹ˆå—ï¼Ÿâ€,,2024-08-13 23:12:20,GEZAN With Million Wish Collective / 2023
36947063,Love Me Later,,https://dou.img.lithub.cc/music/36947063.jpg,2024-06-28,https://music.douban.com/subject/36947063/,7.5,è¯´å”±,2,åœŸã€‚æ‰€æœ‰featéƒ½éš¾å¬çš„è¦æ­»,,2024-07-29 18:58:55,ç‹ä»¥å¤ª / 2024
36943154,Bando Stone & The New World,,https://dou.img.lithub.cc/music/36943154.jpg,2024-07-19,https://music.douban.com/subject/36943154/,7.6,åŸå£°,,ç¼–æ›²åˆ¶ä½œçˆ½çš„å‘€,,2024-07-21 21:48:14,Childish Gambino / 2024
30260943,äº‹å®ä¸Šæˆ‘æ²¡æœ‰åå­—,,https://dou.img.lithub.cc/music/30260943.jpg,2018-06-29,https://music.douban.com/subject/30260943/,8.2,æµè¡Œ,4,4+. å¬å®Œè¿™å¼ å†å¬æ–°ä¸¤å¼ ä¹Ÿå¤ªå¤±æœ›äº†ã€‚è¯å¥½ï¼ˆé™¤äº†I tick my airï¼‰ã€äººå£°å¤„ç†å¥½ã€‚å¤§æ¡†æ¶æ¯é¦–æœ‰äº›ç›¸ä¼¼äº†,,2024-07-19 18:07:41,è®¸é’§ / 2018
36660366,æœŸå¾…é›†,,https://dou.img.lithub.cc/music/36660366.jpg,2023-12-01,https://music.douban.com/subject/36660366/,7.1,æ°‘è°£,,æ­Œè¯å¤ªåœŸå¤ªå‚»å¤ªå°¬å¤ªæ²¹äº†ï¼Œåˆ«æŠ¼ä½ é‚£ä¸ªç ´éŸµäº†,,2024-07-17 21:16:02,è®¸é’§ / 2023
35626481,ç¾å¤¢å…¬å¸,,https://dou.img.lithub.cc/music/35626481.jpg,2021-11-19,https://music.douban.com/subject/35626481/,8.2,æµè¡Œ,3,æœ‰å‡ é¦–å¤ªåœŸäº†ã€‚å…¶ä»–ä¸“è¾‘è®¸å‡æ˜¯åœ¨é‡å¤è‡ªå·±ï¼Œè¿™å¼ æ˜¯åœ¨é‡å¤å…¶ä»–ç‹¬ç«‹éŸ³ä¹æˆ–åœŸæ‘‡,,2024-07-15 19:57:11,è¨±éˆ / 2021
36949451,AAA,,https://dou.img.lithub.cc/music/36949451.jpg,2024-07-10,https://music.douban.com/subject/36949451/,0,æ‘‡æ»š,2,1+.01<<1,,2024-07-14 22:41:43,HYUKOH è½æ—¥é£è½¦ / 2024
26914191,Me And Your Mama,,https://dou.img.lithub.cc/music/26914191.jpg,2016-11-10,https://music.douban.com/subject/26914191/,7.7,,4,3.5 Cut: Redbone. æœŸå¾…æ–°ä¸“,,2024-07-12 16:46:16,Childish Gambino / 2016
25910280,ååŸ·é¢,,https://dou.img.lithub.cc/music/25910280.jpg,2014-07-02,https://music.douban.com/subject/25910280/,7.3,æµè¡Œ,2,é™¤äº†ã€Šè‡ªè™ã€‹ã€ã€Šä¸‰æœˆã€‹ã€ã€Šåæ‰§é¢ã€‹ä¸‰é¦–ä»™æ›²å…¶ä»–éƒ½æ˜¯ä»€ä¹ˆæ¶å¿ƒä¸œè¥¿ğŸ¤¢,,2024-07-06 02:22:39,å¼ æƒ å¦¹ / 2014
30401594,0,,https://dou.img.lithub.cc/music/30401594.jpg,2018-12-21,https://music.douban.com/subject/30401594/,8.5,æµè¡Œ,5,4.5 æ—å¿†è²å’Œå¸¸çŸ³ç£ŠçœŸæ­å‘€ã€‚Cut: çº¤ç»´ã€å¹»è§‰åŠ¨ç‰©,,2024-07-06 02:20:44,æ—å¿†è² Sandy Lam / 2018
1402047,Hot Fuss,,https://dou.img.lithub.cc/music/1402047.jpg,2005,https://music.douban.com/subject/1402047/,8.5,æ‘‡æ»š,4,å–œæ¬¢All These Things That I've Done,,2024-06-30 06:40:14,The Killers / 2005
26804971,Masterpiece,,https://dou.img.lithub.cc/music/26804971.jpg,2016-05-27,https://music.douban.com/subject/26804971/,8.5,æ‘‡æ»š,5,å‰ä»–å¤ªå¥½äº†ã€‚è·Ÿè¶Šæ´‹é£æœºä¸€æ ·å±äºå¹´å°‘å¬ä¸æ‡‚çš„ä¸“è¾‘,,2024-06-30 06:38:56,2016
10829914,Who You Are Is Not Enough,,https://dou.img.lithub.cc/music/10829914.jpg,2012-06-26,https://music.douban.com/subject/10829914/,9.4,æ‘‡æ»š,,,,2024-06-25 15:41:53,Athletics / 2012
36418490,Unreal Unearth,,https://dou.img.lithub.cc/music/36418490.jpg,2023-08-18,https://music.douban.com/subject/36418490/,7.2,æµè¡Œ,3,2.5,,2024-06-25 15:12:23,Hozier / 2023
1463061,Parachutes,,https://dou.img.lithub.cc/music/1463061.jpg,2000-07-10,https://music.douban.com/subject/1463061/,9.2,æ‘‡æ»š,5,å‰æœŸç”µå°å¤´çš„å½±å­è¿˜æ˜¯å¾ˆé‡çš„ã€‚Yellowå°±æ˜¯ä¸–ç•Œåæ›²,,2024-06-23 18:00:22,Coldplay / 2000
35601175,æ™‚é–“,,https://dou.img.lithub.cc/music/35601175.jpg,2021-08-25,https://music.douban.com/subject/35601175/,8.8,æ‘‡æ»š,4,,,2024-06-23 17:58:25,Betcover!! / 2021
36820432,æ·¬æ—¥çºªäº‹,,https://dou.img.lithub.cc/music/36820432.jpg,2024-03-18,https://music.douban.com/subject/36820432/,7.5,æ‘‡æ»š,,å¬ä¸ä¸‹ç¬¬äºŒé,,2024-06-23 07:19:09,å”¯åˆ©ç‰ç¢è®¡åˆ’ / 2024
11499053,Lonerism,,https://dou.img.lithub.cc/music/11499053.jpg,2012-10-16,https://music.douban.com/subject/11499053/,8.3,æ‘‡æ»š,4,"4.5 Cut: Mind Mischief, Why Won't They Talk To Me?, Feels Like We Only Go Backwards",,2024-06-23 07:15:20,Tame Impala / 2012
34958098,ì‚¬ë‘ìœ¼ë¡œ,,https://dou.img.lithub.cc/music/34958098.jpg,2020-01-30,https://music.douban.com/subject/34958098/,8,æ‘‡æ»š,4,"Cut: Hey Sun, New born",,2024-06-23 07:00:06,í˜ì˜¤ HYUKOH / 2020
36927006,Brat and itâ€™s the same but thereâ€™s three more songs so itâ€™s not,,https://dou.img.lithub.cc/music/36927006.jpg,2024-06-10,https://music.douban.com/subject/36927006/,0,æµè¡Œ,,Guess,,2024-06-22 16:46:22,æŸ¥è‰XCX Charli XCX / 2024
36792214,Brat,,https://dou.img.lithub.cc/music/36792214.jpg,2024-06-07,https://music.douban.com/subject/36792214/,0,ç”µå­,4,"Club classics. ""Diva"" is gone; I want those fully anonymized mid-20s voices to be drowned in fragmented electric current",,2024-06-22 16:44:48,Charli XCX / 2024
36175905,SOS,,https://dou.img.lithub.cc/music/36175905.jpg,2022-12-09,https://music.douban.com/subject/36175905/,8,æ”¾å…‹/çµæ­Œ/R&B,,,,2024-06-22 16:38:36,SZA / 2022
36917351,Scattersun,,https://dou.img.lithub.cc/music/36917351.jpg,2024-06-12,https://music.douban.com/subject/36917351/,0,æ‘‡æ»š,2,1.5 å¯ä»¥ä¸Šä¸­å›½æ–°è¯´å”±,,2024-06-12 11:33:19,Fax Gang & Parannoul / 2024
35222293,æµ®ä¸–å‡»,,https://dou.img.lithub.cc/music/35222293.jpg,2020-10-12,https://music.douban.com/subject/35222293/,7.3,æµè¡Œ,5,Perfect intensity,,2024-05-29 23:39:00,YELLOW / 2020
36848211,HIT ME HARD AND SOFT,,https://dou.img.lithub.cc/music/36848211.jpg,2024-05-17,https://music.douban.com/subject/36848211/,0,æµè¡Œ,3,,,2024-05-29 23:38:15,Billie Eilish / 2024
34442992,è€é…’æ—¥æ—¥é†‰ï¼Œçš‡å¸ä¸‡ä¸‡å²,,https://dou.img.lithub.cc/music/34442992.jpg,2019-06-22,https://music.douban.com/subject/34442992/,8.6,æ°‘è°£,,è™½ç„¶æˆ‘ä¹Ÿä¸å–œæ¬¢è½æ—¥é£è½¦ï¼Œä½†çƒ­è¯„æ˜¯ç”¨é¸¡å§å¬éŸ³ä¹çš„å—ï¼Ÿè¢«é˜‰å‰²ææƒ§æ§åˆ¶éŸ³ä¹å®¡ç¾ä¹Ÿå¤ªå¯æ€œäº†ğŸ˜¢,,2024-05-13 09:26:36,è¿˜æ½® / 2019
36148264,ä¸‰æ±Ÿå¤œæ¸¸,,https://dou.img.lithub.cc/music/36148264.jpg,2022-11-04,https://music.douban.com/subject/36148264/,8.1,æ‘‡æ»š,4,æ²¡æœ‰æƒŠå¥‡çš„å£°éŸ³ï¼Œä½†æœ‰èˆ’æœçš„å¾®é£,,2024-05-13 09:03:39,è¿˜æ½® / 2022
34975555,Let's Walk on the Path of a Blue Cat,,https://dou.img.lithub.cc/music/34975555.jpg,2020-01-17,https://music.douban.com/subject/34975555/,8,æ‘‡æ»š,,,,2024-05-06 13:20:35,íŒŒë€ë…¸ì„ (Parannoul) / 2020
1421569,å‘¼å¸,,https://dou.img.lithub.cc/music/1421569.jpg,2001,https://music.douban.com/subject/1421569/,9.1,åŸå£°,,è¿˜æ²¡çœ‹ç”µå½±ã€‚å•å¬æ— æ„Ÿ,,2024-04-29 22:34:23,Salyu / 2001
36771180,Only God Was Above Us,,https://dou.img.lithub.cc/music/36771180.jpg,2024-04-05,https://music.douban.com/subject/36771180/,8.4,æ‘‡æ»š,4,è‡ªä»çŸ¥é“ä»–ä»¬æ˜¯å“¥å¤§å‡ºæ¥çš„å°±æ²¡æ³•å¥½å¥½å¬äº†ã€‚tracksæ¯”è¾ƒå¹³å‡çš„å¥½å¬,,2024-04-28 18:15:43,Vampire Weekend / 2024
2380589,Contemporary Movement,,https://dou.img.lithub.cc/music/2380589.jpg,2000-08-22,https://music.douban.com/subject/2380589/,8.6,æ‘‡æ»š,4,Me and the Birds,,2024-04-28 18:14:22,Duster / 2000
35207026,æ°´å¯ä»¥å»ä»»ä½•åœ°æ–¹,,https://dou.img.lithub.cc/music/35207026.jpg,2020-10-16,https://music.douban.com/subject/35207026/,7.3,æ‘‡æ»š,3,,,2024-04-20 16:18:52,ç·©ç·© / 2020
26808557,æ™‚ä»£åœ¨å¬å–š,,https://dou.img.lithub.cc/music/26808557.jpg,2016-05-20,https://music.douban.com/subject/26808557/,9,æ‘‡æ»š,,,,2024-04-03 00:47:59,å‡å‡æ¢/JaJaTao / 2016
1510265,Starfish,,https://dou.img.lithub.cc/music/1510265.jpg,1990-10-25,https://music.douban.com/subject/1510265/,8.7,æ‘‡æ»š,4,"æ€»è§‰å¾— Neo-Psychedelia æ—¢ä¸ neo ä¹Ÿä¸ psychedelia. Cut: Under the Milky Way, Reptile.",,2024-03-21 16:48:38,The Church / 1990
36175358,Pink Colour Surgery,,https://dou.img.lithub.cc/music/36175358.jpg,2023-2-3,https://music.douban.com/subject/36175358/,0,,4,"è”æƒ³åˆ°Dogsbodyå’ŒIssacæ—¶æœŸçš„bcnr. å¯å¬æ€§æ²¡æœ‰Dogsbodyé‚£ä¹ˆé«˜ï¼Œä½†æ„Ÿè§‰å£°éŸ³æ›´ä¸°å¯Œå’Œç»†è‡´ã€‚Cut: Post-Post-, Decors",,2024-03-17 22:49:58,The Psychotic Monks / 2023
36333589,æ§Ÿæ¦”è§‚éŸ³,,https://dou.img.lithub.cc/music/36333589.jpg,2023-03-21,https://music.douban.com/subject/36333589/,7.2,æ‘‡æ»š,1,æ²¡ä»€ä¹ˆå“ä½çš„ä½åŠ£æ¨¡ä»¿ç»ƒä¹ é›†ã€‚å†ä¹Ÿä¸å¬ä»»ä½•åè¯­æ’è¡Œæ¦œäº†,,2024-03-14 14:53:23,æ‚²å‰§è¯æ–¹ / 2023
36153280,Radical Romantics,,https://dou.img.lithub.cc/music/36153280.jpg,2023-03-10,https://music.douban.com/subject/36153280/,7.8,ç”µå­,,æ— æ„Ÿ,,2024-03-13 22:34:04,Fever Ray / 2023
36602712,æ³ªæ°´ä¸å…±,,https://dou.img.lithub.cc/music/36602712.jpg,2023-10-08,https://music.douban.com/subject/36602712/,8.1,æµè¡Œ,,è®©äººä¸æƒ³å¬ç¬¬äºŒéâ€¦â€¦,,2024-03-12 02:09:24,è‹ç´«æ—­&The Paramecia / 2023
20278810,KATSUHIRO OTOMO presents MEMORIES original motion picture soundtrack,,https://dou.img.lithub.cc/music/20278810.jpg,1996-01-01,https://music.douban.com/subject/20278810/,9.2,åŸå£°,,Jun Miyake and Takkyo Ishino,,2024-03-11 20:54:25,è…é‡ã‚ˆã†å­ ä¸‰å®…ç´” é•·å¶Œå¯›å¹¸ çŸ³é‡å“çƒ / 1996
25957198,Who Will Cut Our Hair When We'e Gone? (Remastered Deluxe Edition),,https://dou.img.lithub.cc/music/25957198.jpg,2014-10-07,https://music.douban.com/subject/25957198/,0,,3,"æœ‰äº›glitchesç¡®å®æœ‰è¶£ï¼Œéš¾å¬æ˜¯çœŸéš¾å¬ã€‚Cut: I Don't Wanna Die, Ghost Mountain 2â€²10â€³ å’Œ Sea Ghost 2â€²10â€³ çš„äººå£°",,2024-03-06 19:33:57,The Unicorns / 2014
36425344,ä½†æ„¿äººé•¿ä¹…,,https://dou.img.lithub.cc/music/36425344.jpg,2023-06-01,https://music.douban.com/subject/36425344/,6.1,æ‘‡æ»š,3,ã€Šç‹©çŒã€‹ååŠæ®µçš„èŠ‚å¥ç»„å¥½å¬ï¼Œã€Šèµ·æº:æ®‹å“ã€‹å¼€å¤´èˆ¹ä½“é‡‘å±åœ¨æ°´å²¸è¾¹æŒ¯è¡æ‘©æ“¦çš„å£°éŸ³å¥½å¬ï¼Œå…¶ä»–å°±æ²¡å•¥äº†,,2024-03-04 22:39:09,å‘å…‰æ›²çº¿ Glow Curve / 2023
3838532,æŠŠå…‰èŠ’æ´’å‘æ›´å¼€é˜”çš„åœ°æ–¹,,https://dou.img.lithub.cc/music/3838532.jpg,2008å¹´9æœˆ,https://music.douban.com/subject/3838532/,8.5,æ‘‡æ»š,4,4.4. å¥½å¬ï¼Œä¸çŸ¥é“å¦‚ä½•å®šä½çš„ä¸€å¼ ä¸“è¾‘çš„ã€‚æ²¡æœ‰èµ°å›½æ‘‡è‹¦å¤§ä»‡æ·±çš„æ·å¾„ï¼Œä½†ä¹Ÿä¸å¤Ÿartï¼Œä¸æ˜¯çœŸæ­£çš„è½»å¿«ã€‚ä¸€å¬å°±æ˜¯ä¸€å¼ â€œæ—§ä¸“è¾‘â€ï¼Œä½†ä¹Ÿæ²¡æœ‰è¿‡æ—¶ã€‚æ¯” Radiohead æ¸©æš–ã€æ˜äº®ã€‚Cut: å¤©è¾¹ä¸€æœµäº‘ã€é¡ºæµè€Œä¸‹ã€‚çƒ­è¯„æå´é’å³°çš„æ˜¯çˆ¹è¢«ä»–æ²™äº†å—ï¼Ÿ,,2024-03-03 02:46:33,å£°éŸ³ç¢ç‰‡ / 2008å¹´9æœˆ
26302435,Carrie & Lowell,,https://dou.img.lithub.cc/music/26302435.jpg,2015-03-30,https://music.douban.com/subject/26302435/,9.4,æ°‘è°£,5,"åŠ¨äººã€‚Cut: Death with Dignity, Eugene, Carrie & Lowell",,2024-03-02 16:27:02,Sufjan Stevens / 2015
34493137,Songs From My Bedroom,,https://dou.img.lithub.cc/music/34493137.jpg,2016-03-29,https://music.douban.com/subject/34493137/,8.9,ä¸–ç•ŒéŸ³ä¹,,"æœ‰å¯èƒ½æ˜¯åˆå¬çš„æ—¶å€™å¹´çºªå¤ªå°ï¼Œä½†æˆ‘æ›´æ„¿æ„ç›¸ä¿¡è¿™äº›æ­Œï¼ˆterrified, darkness of the dayï¼‰æœ‰ä¸€äº›ä¼Ÿå¤§çš„æ—‹å¾‹ï¼Œè®©æˆ‘åœ¨å¬åçš„æ¯ä¸€å¤©å…‰çº¿åˆé€‚çš„æ—¶å€™éƒ½ä¼šå“¼å‡ºä»–ä»¬",,2024-03-02 12:55:38,Isaac Gracie / 2016
35446684,Happier Than Ever,,https://dou.img.lithub.cc/music/35446684.jpg,2021-07-30,https://music.douban.com/subject/35446684/,7.6,æµè¡Œ,4,ä¹‹å‰å†™çš„è¯„ä»·ä¸è§äº†ã€‚æ”¾å¼ƒäº†ä¼ å”±åº¦å’Œæµè¡Œæ€§çš„åˆ¶ä½œã€‚å½•éŸ³æç®€ï¼Œéœ€é…åˆå¥¹æ‰€æœ‰çš„ç°åœºé£Ÿç”¨æ‰èƒ½é¢†ç•¥æ­¤ä¸“ç©ºé—´ä¹‹å¤§å’Œå¥¹å˜æ€çš„å£°éŸ³æ§åˆ¶åŠ›,,2024-03-02 02:21:26,Billie Eilish / 2021
6722155,Portamento,,https://dou.img.lithub.cc/music/6722155.jpg,2011-09-12,https://music.douban.com/subject/6722155/,8,æ‘‡æ»š,4,"4.5 Bouncy, ç©ä¸–ä¸æ­ï¼ŒçœŸè¯š",,2024-03-01 23:15:52,The Drums / 2011
4302687,Plastic Beach,,https://dou.img.lithub.cc/music/4302687.jpg,2010-03-09,https://music.douban.com/subject/4302687/,8.1,æ”¾å…‹/çµæ­Œ/R&B,4,"Cut: Some Kind of Nature, On Melancholy Hill",,2024-03-01 23:12:52,Gorillaz / 2010
36413397,The Ballad Of Darren,,https://dou.img.lithub.cc/music/36413397.jpg,2023-07-21,https://music.douban.com/subject/36413397/,7.3,æ‘‡æ»š,,è¿˜æ˜¯å¬ä¸æƒ¯ï¼ˆä¸å–œæ¬¢ï¼‰Blur. å”¯ä¸€å–œæ¬¢çš„ä¸€é¦– The Everglades è¿˜æ˜¯æœ€ singer-songwriter çš„ä¸€é¦–...,,2024-03-01 23:11:57,Blur / 2023
36528140,æ–¹å¯¸ä¹‹å¿ƒ,,https://dou.img.lithub.cc/music/36528140.jpg,2023-08-15,https://music.douban.com/subject/36528140/,8.1,ç”µå­,4,3.5. å¥³å£°åŠ åˆ†ï¼Œç”·å£°å‡åˆ†ã€‚Cut: åœç•™ã€æ·‘åª›ã€æ‰€æœ‰å‘Šåˆ«çš„è·¯ä¸Šã€è¯´ç»™ä½ å¬ã€‚,,2024-02-29 23:24:29,èŠéº»å¸ƒ / 2023
36508229,ä¸–çºªå¤§åœç”µ,,https://dou.img.lithub.cc/music/36508229.jpg,2023-08-04,https://music.douban.com/subject/36508229/,7.8,æ‘‡æ»š,2,,,2024-02-26 22:31:42,æœ¬èƒ½å¯¦æ¥­ æœ¬èƒ½å®ä¸š / 2023
36643557,I'mdifficult,,https://dou.img.lithub.cc/music/36643557.jpg,2023-11-10,https://music.douban.com/subject/36643557/,7.7,æµè¡Œ,2,2.5æœ€å‡ºè‰²çš„æ˜¯ç”·å£°ã€‚æœ‰ç§ä¸ä¸ŠåŠ²çš„æ„Ÿè§‰,,2024-02-24 18:13:56,æˆ‘æ˜¯æ©Ÿè»Šå°‘å¥³ / 2023
36365496,Glitter (Deluxe Edition),,https://dou.img.lithub.cc/music/36365496.jpg,2023-04-14,https://music.douban.com/subject/36365496/,9.4,æ‘‡æ»š,4,4.5å¼€ä¸“ä¸¤ä¸ªriffçˆ½æ­»è°äº†ã€‚æ¯é¦–çš„åŠ¨æœºéƒ½å¤ªå¥½äº†ï¼Œç›¸è¾ƒä¹‹ä¸‹ä¼šæé«˜å¬ä¼—å¯¹ç¼–æ›²å’Œç¼–æ’çš„æœŸæœ›,,2024-02-23 22:45:26,Pasteboard / 2023
30375409,Boygenius,,https://dou.img.lithub.cc/music/30375409.jpg,2018-10-26,https://music.douban.com/subject/30375409/,8.6,æ°‘è°£,,å¥¹ä»¬ä¸‰å‡‘æˆä¸€ä¸ªç»„åˆçš„ç¾å¥½ç¨‹åº¦è¿œå¤§äºå¥¹ä»¬çš„éŸ³ä¹ã€‚å‰ä»–å¥½å¬,,2024-02-17 23:41:49,Boygenius / 2018
4901899,Have You Seen My Prefrontal Cortex?,,https://dou.img.lithub.cc/music/4901899.jpg,2010-06-22,https://music.douban.com/subject/4901899/,8.2,æ‘‡æ»š,4,"é…å™¨å’Œå£°éŸ³çš„ç¼–æ’éƒ½å¤ªå¦™äº†ï¼Œå¦‚æœäººå£°èƒ½å†å¼±åŒ–å†åä¸€ç‚¹å°±å¯ä»¥èµ·é£äº†ã€‚Cut: Vampire In Love, Bring Back Breakfast, Bicycles In Sleep Cycles",,2024-02-17 23:40:26,A Great Big Pile Of Leaves / 2010
24844830,You're Always On My Mind,,https://dou.img.lithub.cc/music/24844830.jpg,2013-07-02,https://music.douban.com/subject/24844830/,7.2,æ‘‡æ»š,4,3.5. æ‰€æœ‰çš„å…ƒç´ éƒ½å–œæ¬¢ã€‚Cut: back to school,,2024-02-08 22:44:54,A Great Big Pile of Leaves / 2013
36641921,Wall Of Eyes,,https://dou.img.lithub.cc/music/36641921.jpg,2024-01-26,https://music.douban.com/subject/36641921/,8.3,æ‘‡æ»š,4,,,2024-02-07 23:02:31,The Smile / 2024
2264207,GOODBYE & HELLO,,https://dou.img.lithub.cc/music/2264207.jpg,2007-10-19,https://music.douban.com/subject/2264207/,8.7,æµè¡Œ,,ä¸€é¦–ã€Šè¾¾å°”æ–‡ã€‹è®©å…¶ä»–æ‰€æœ‰æ›²ç›®å†å¥½å¬ä¹Ÿé»¯ç„¶å¤±è‰²äº†,,2024-01-25 23:11:03,è”¡å¥é›… Tanya / 2007
35210840,è„†è“,,https://dou.img.lithub.cc/music/35210840.jpg,2020-09-21,https://music.douban.com/subject/35210840/,7.4,æ‘‡æ»š,2,å¤§éƒ¨åˆ†ä»æ˜¯æˆ‘è€å®¶ç†å‘åº—é‡Œæ”¾çš„çƒ‚ä¿—ç©ºæ´æ­Œæ›²ï¼Œå¶æœ‰ç°ä»£äº®è€³å£°éŸ³ï¼Œä½†æ€»ç®—ä¸ä¸Šå¥½å¬,,2024-01-18 01:07:26,è„†è“ / 2020
34867979,Everyday Life,,https://dou.img.lithub.cc/music/34867979.jpg,2019-11-22,https://music.douban.com/subject/34867979/,7.8,æ‘‡æ»š,4,å£°éŸ³å’Œç¼–æ›²ä¸°å¯Œäº†å¾ˆå¤šï¼ŒåŒæ—¶ä¹é˜Ÿæ€§åˆå°‘äº†ä¸€äº›ã€‚æ‰æ‘¸ä¸é€è¿™å¼ çš„ä¸»é¢˜æ˜¯å…±æƒ…æ€§æ›´å¼ºäº†è¿˜æ˜¯æ›´å¼±äº†,,2024-01-15 22:32:16,Coldplay / 2019
30384964,Wednesday,,https://dou.img.lithub.cc/music/30384964.jpg,2018-05-02,https://music.douban.com/subject/30384964/,8.5,æ‘‡æ»š,3,3.5. Deaf æœ‰æƒŠå–œ,,2024-01-13 22:00:51,Just Mustard / 2018
36672782,Today I Laid Down,,https://dou.img.lithub.cc/music/36672782.jpg,2023-08-25,https://music.douban.com/subject/36672782/,8.1,æ‘‡æ»š,4,,,2024-01-01 19:45:42,bl4ck m4rket c4rt / 2023
36516501,Javelin,,https://dou.img.lithub.cc/music/36516501.jpg,2023-10-06,https://music.douban.com/subject/36516501/,8.8,æ°‘è°£,,ä¸çŸ¥é“ä¸ºå•¥è§‰å¾—è¿™å¼ æœ‰ç‚¹é—¹æœ‰ç‚¹ç²—ç³™äº†,,2023-12-27 14:54:22,Sufjan Stevens / 2023
27120973,Freudian,,https://dou.img.lithub.cc/music/27120973.jpg,2017-08-25,https://music.douban.com/subject/27120973/,8.6,æ”¾å…‹/çµæ­Œ/R&B,5,"cut: Get You, Best Part, Neu Roses",,2023-12-27 14:53:43,Daniel Caesar / 2017
25753912,é‡‘å…‰ä¹‹ä¹¡,,https://dou.img.lithub.cc/music/25753912.jpg,2013-12-13,https://music.douban.com/subject/25753912/,8.5,æ‘‡æ»š,4,ç¬¬ä¸€æ¬¡å¬ä¸€åˆ†é’Ÿçš„å¼€å…³å¤§å¸ˆç›´æ¥æŠŠæˆ‘å¬å“­äº†ï¼Œåé¢å°±æ²¡è¿™ä¸ªæ„Ÿè§‰äº†,,2023-12-27 14:50:57,ç”œæ¢…å· / 2013
36605685,åˆ˜æµ·è¢«é£å¹å¾—æ•´ä¸ªé£èµ·æ¥,,https://dou.img.lithub.cc/music/36605685.jpg,2023-10-12,https://music.douban.com/subject/36605685/,7.5,æµè¡Œ,4,æ•´ä½“å¬æ„ŸæŒºä¸é”™çš„,,2023-12-27 14:49:36,ç¼“ç¼“ Huan Huan / 2023
2993862,å®‡å®™ æ—¥æœ¬ ä¸–ç”°è°·,,https://dou.img.lithub.cc/music/2993862.jpg,1997-07-24,https://music.douban.com/subject/2993862/,9.4,æ‘‡æ»š,5,,,2023-12-27 14:48:08,fishmans / 1997
35698644,å°éœ 2.0,,https://dou.img.lithub.cc/music/35698644.jpg,2021-12-15,https://music.douban.com/subject/35698644/,9,æµè¡Œ,5,,,2023-12-17 08:14:12,é»„ç»®çŠ SUSAN HUANG / 2021
36660948,å°éœ3.0,,https://dou.img.lithub.cc/music/36660948.jpg,2023-12-25,https://music.douban.com/subject/36660948/,7.6,æµè¡Œ,3,åˆå¬æœ‰å‡ å¥ç”Ÿç†æ€§çš„æ„ŸåŠ¨ï¼Œå†å¬å°±ä¿—ä¸å¯è€äº†,,2023-12-16 15:27:49,å°éœ é»„ç»®çŠ / 2023
3026461,LONG SEASON,,https://dou.img.lithub.cc/music/3026461.jpg,1996-10-25,https://music.douban.com/subject/3026461/,9.6,æ‘‡æ»š,4,ä¸€ç‚¹å„¿ä¹Ÿä¸æ¼«é•¿,,2023-12-02 14:04:55,FISHMANS / 1996
36104975,Here to stay,,https://dou.img.lithub.cc/music/36104975.jpg,2022-09-17,https://music.douban.com/subject/36104975/,7.8,æ‘‡æ»š,4,"Cut: Circle, Meditation ",,2023-10-29 06:15:58,TRPP / 2022
36605786,é¦¬,,https://dou.img.lithub.cc/music/36605786.jpg,2023-10-17,https://music.douban.com/subject/36605786/,8.3,æ‘‡æ»š,,åˆå¬å››æ˜Ÿï¼Œå°‘äº†äº›å‰ä¸¤å¼ ç‚«ç›®çš„å†²æ’æ„Ÿ,,2023-10-26 09:44:47,betcover!! / 2023
26788783,A Moon Shaped Pool,,https://dou.img.lithub.cc/music/26788783.jpg,2016-05-08,https://music.douban.com/subject/26788783/,9,æ‘‡æ»š,5,"I'm not living, I'm just killing time",,2023-10-06 10:01:15,æ”¶éŸ³æœºå¤´ Radiohead / 2016
3129852,Agaetis Byrjun,,https://dou.img.lithub.cc/music/3129852.jpg,2001-05-22,https://music.douban.com/subject/3129852/,9.2,ç”µå­,,é™¤äº†ç¬¬äºŒé¦–çš„ä¸€ç‚¹å™ªéŸ³å…¶ä»–éƒ½ä¸å¤ªèƒ½getåˆ°ï¼Œæ‰€æœ‰äººå£°éƒ½ä¸å–œæ¬¢,,2023-09-23 15:11:09,Sigur Ros / 2001
36445162,ÃTTA,,https://dou.img.lithub.cc/music/36445162.jpg,2023-06-16,https://music.douban.com/subject/36445162/,7.3,æ‘‡æ»š,3,æ— æ„Ÿ,,2023-09-20 04:59:27,Sigur RÃ³s / 2023
30231126,Future Me Hates Me,,https://dou.img.lithub.cc/music/30231126.jpg,2018-08-10,https://music.douban.com/subject/30231126/,7.2,æ‘‡æ»š,,,,2023-09-19 13:06:22,The Beths / 2018
35970715,Blue Rev,,https://dou.img.lithub.cc/music/35970715.jpg,2022-10-07,https://music.douban.com/subject/35970715/,7.6,æ‘‡æ»š,1,,,2023-09-19 13:04:51,Alvvays / 2022
35515265,TRPP,,https://dou.img.lithub.cc/music/35515265.jpg,2021-07-05,https://music.douban.com/subject/35515265/,8,æ‘‡æ»š,5,"å’‹è¿™ä¹ˆå¥½å‘¢ã€‚Cuts: a Joke, Pause",,2023-09-19 03:42:56,TRPP / 2021
3890782,Exploding Head,,https://dou.img.lithub.cc/music/3890782.jpg,2009-10-06,https://music.douban.com/subject/3890782/,8,æ‘‡æ»š,3,Cut: Everything Always Goes Wrong,,2023-09-19 03:42:32,A Place To Bury Strangers äº‚è‘¬å´—æ¨‚åœ˜ / 2009
1789508,Emergency & I,,https://dou.img.lithub.cc/music/1789508.jpg,1999-10-26,https://music.douban.com/subject/1789508/,8.8,æ‘‡æ»š,3,æŠ¥å¬,,2023-09-08 09:41:14,The Dismemberment Plan / 1999
1427045,Sublime,,https://dou.img.lithub.cc/music/1427045.jpg,1996,https://music.douban.com/subject/1427045/,8.9,é›·é¬¼,5,,,2023-08-25 01:26:20,Sublime / 1996
34976343,å¤´ä¸Šçš„æ´,,https://dou.img.lithub.cc/music/34976343.jpg,2017-08-17,https://music.douban.com/subject/34976343/,8.1,æ‘‡æ»š,2,é™¤äº†é£å¤©é‚£å‡ å—“å­æœ‰ç‚¹ç”Ÿå‘½åŠ›ä¹‹å¤–ï¼Œå…¶ä»–éƒ½ä¹å–„å¯é™ˆå¾—è¦å‘½,,2023-08-15 08:25:15,é¸Ÿæ’ / 2017
26281089,Gliss Riffer,,https://dou.img.lithub.cc/music/26281089.jpg,2015-02-20,https://music.douban.com/subject/26281089/,7.8,ç”µå­,5,å¬è¿‡æœ€â€œç²¾è‡´â€çš„ç”µå­ä¹ã€‚äººå£°è¿ç”¨å¾—æå…¶ä¸æ»‘å’Œå·§å¦™,,2023-08-07 13:58:06,Dan Deacon / 2015
36250612,HOPE,,https://dou.img.lithub.cc/music/36250612.jpg,2023-04-07,https://music.douban.com/subject/36250612/,7.1,è¯´å”±,4,å¥½å¬çš„å‘€,,2023-07-12 00:36:24,NF / 2023
36400683,Young Fresh Chin II,,https://dou.img.lithub.cc/music/36400683.jpg,2023-05-10,https://music.douban.com/subject/36400683/,9,è¯´å”±,4,æ²¡äººä¼šæ­§è§†â€œä¸­ä¸“è¯´å”±â€ï¼ŒæŸç§ç¨‹åº¦ä¸Šä¸­ä¸“è¯´å”±æ˜¯å”¯ä¸€çš„è¯´å”±ï¼Œå¤§å®¶æ­§è§†çš„æ˜¯â€œä¸­ä¸“çº¢è‰²è¯´å”±â€å’Œâ€œä¸­ä¸“åŠ±å¿—è¯´å”±â€ã€‚Jazz å’Œ samples ç”¨å¾—æ„Ÿè§‰æœ‰ç‚¹è¿‡äº†ï¼Œå¯ä»¥å†é›•ç¢ä¸€ä¸‹ã€‚Cut: ä¸›æ—,,2023-07-11 09:34:21,å¤ä¹‹ç¦¹ / 2023
3838018,å¤ / ç‹‚çƒ­,,https://dou.img.lithub.cc/music/3838018.jpg,2009-09-11,https://music.douban.com/subject/3838018/,8.7,æ‘‡æ»š,5,å°æ—¶å€™ç©ç€ç¼©å°å¸½å¬ç€è¿™å¼ ä¸“è¾‘ï¼Œæˆ‘æ€»è§‰å¾—é‚£æ˜¯å†³å®šæˆ‘è¿™ä¸ªå¹³è¡Œå®‡å®™çš„å…³é”®äº‹ä»¶,,2023-07-10 03:29:00,è‹æ‰“ç»¿ / 2009
35796960,ç†æƒ³ç‹€æ…‹,,https://dou.img.lithub.cc/music/35796960.jpg,2022-03-25,https://music.douban.com/subject/35796960/,7.3,æµè¡Œ,3,å°æ¹¾è¿™äº›æµè¡Œä¹é˜ŸçœŸæ˜¯æ•°åå¹´å¦‚ä¸€æ—¥æ¯«æ— è¿›æ­¥ï¼Œæ— èŠè‚¤æµ…åšä½œã€‚å”¯ä¸€çš„ä¼˜ç‚¹æ˜¯â€œå¥½å¬â€ã€‚Cut: ç†æƒ³çŠ¶æ€ã€æ— æ‰€äº‹äº‹,,2023-07-02 07:03:43,å®‡å®™äºº / 2022
26757754,Teens of Denial,,https://dou.img.lithub.cc/music/26757754.jpg,2016-05-20,https://music.douban.com/subject/26757754/,9,æ‘‡æ»š,5,æ¯” twin fantasy å¥½å¬,,2023-06-30 03:34:38,Car Seat Headrest / 2016
26735558,No Burden,,https://dou.img.lithub.cc/music/26735558.jpg,2016-02-26,https://music.douban.com/subject/26735558/,7.7,æ‘‡æ»š,4,Get åˆ°äº† Lucy çš„ vocal. æ²¡æœ‰åé¢å‡ å¼ é‚£ä¹ˆç”¨åŠ›ï¼Œåè€Œæœ‰ç§æ¸¸åˆƒæœ‰ä½™çš„æ„Ÿè§‰,,2023-06-13 02:48:04,Lucy Dacus / 2016
36337784,ç“¦åˆ,,https://dou.img.lithub.cc/music/36337784.jpg,2023-05-20,https://music.douban.com/subject/36337784/,7.4,æ‘‡æ»š,3,å¾ˆç—›å¿ƒåœ°æ‰“äº†ä¸‰æ˜Ÿï¼Œä¸æ˜¯ä¸ºè‰ä¸œç—›å¿ƒï¼Œè€Œæ˜¯ä¸ºæˆ‘å°‘äº†ä¸€å¼ æœ¬åº”è¯¥å¾ˆå–œæ¬¢çš„ä¸“è¾‘ç—›å¿ƒã€‚ç‹å¸ˆå‚…è¯´çš„å·®ä¸å¤šäº†ï¼Œç¬¬ä¸€å¼ ä¸“è¾‘é‡Œå°ç¥çš„è´æ–¯å’Œé¼“ã€bouncy çš„åæœ‹å‰ä»–ã€è§†è§’ç‹­çª„ä½†è¦†ç›–é¢å¹¿çš„æ­Œè¯ã€å›°é¡¿ä¹±æ’çš„äººæ ¼ï¼Œåœ¨è¿™å¼ ä¸“è¾‘éƒ½è¢«ç¨€é‡Šäº†ã€‚å¦å¤–ï¼Œè¿™å¼ ä¸“è¾‘çš„è¿ç»­æ€§ä¹Ÿè¿œä¸åŠç¬¬ä¸€å¼ ã€‚æœ€å–œæ¬¢çš„è¿˜æ˜¯ã€ŠåºŠã€‹,,2023-05-30 13:00:00,è‰ä¸œæ²¡æœ‰æ´¾å¯¹ / 2023
34970141,Heaven To A Tortured Mind,,https://dou.img.lithub.cc/music/34970141.jpg,2020-04-03,https://music.douban.com/subject/34970141/,8.3,æ‘‡æ»š,,ä»æ–°ä¸“è¿‡æ¥ï¼Œæ˜¯ consistent çš„ï¼Œä½†æˆ‘æ›´å–œæ¬¢æ–°ä¸“çš„äººå£°,,2023-05-30 06:06:37,Yves Tumor / 2020
34715870,Bismillah,,https://dou.img.lithub.cc/music/34715870.jpg,2019-06-07,https://music.douban.com/subject/34715870/,9.4,æ‘‡æ»š,4,Shit I'm Dreaming,,2023-05-28 14:58:51,Peter Cat Recording Co. / 2019
34857039,å¾æ—¥ä¸‰çœå¾èº«,,https://dou.img.lithub.cc/music/34857039.jpg,2019-11-08,https://music.douban.com/subject/34857039/,7.8,æ‘‡æ»š,4,Cut: å‚é’“ã€é‚£äº›å¤±çœ çš„å¤œä¸éš¾ä»¥å¿˜æ€€çš„äº‹ã€å®‰ä¹,,2023-05-28 14:58:10,è€ç‹ä¹é˜Ÿ / 2019
1394973,Lesser Matters,,https://dou.img.lithub.cc/music/1394973.jpg,2003,https://music.douban.com/subject/1394973/,8.8,æ‘‡æ»š,4,ä»å„¿æ—¶ç©¿è¶Šè¿‡æ¥çš„ä¸€å¼ ä¸“è¾‘ã€‚ç°åœ¨æˆ‘ä¹Ÿç»å¸¸æ— æ„è¯†åœ°å†™ä¸‹ï¼šStrange Things Will Happen,,2023-05-26 09:29:46,The Radio Dept. / 2003
36253535,"Praise A Lord Who Chews But Which Does Not Consume; (Or Simply, Hot Between Worlds)",,https://dou.img.lithub.cc/music/36253535.jpg,2023-05-12,https://music.douban.com/subject/36253535/,8.1,æ‘‡æ»š,5,å¤ªä¸°å¯Œã€å¤ªç²¾è‡´äº†,,2023-05-24 11:33:18,Yves Tumor / 2023
33407018,I want to be there,,https://dou.img.lithub.cc/music/33407018.jpg,2019-04-07,https://music.douban.com/subject/33407018/,7.6,æ‘‡æ»š,,åˆ«å¼äº†,,2023-05-20 05:57:45,Sadness / 2019
2075582,No One Waved Goodbye,,https://dou.img.lithub.cc/music/2075582.jpg,01.03.2004,https://music.douban.com/subject/2075582/,9.2,æµè¡Œ,,åˆ«å¼€å£ã€‚ã€‚ã€‚,,2023-05-19 03:41:51,Tacoma Radar / 01.03.2004
35389978,To See the Next Part of the Dream,,https://dou.img.lithub.cc/music/35389978.jpg,2021-02-23,https://music.douban.com/subject/35389978/,8.1,æ‘‡æ»š,4,cut: White Ceiling,,2023-05-19 03:27:34,íŒŒë€ë…¸ì„ (Parannoul) / 2021
36354802,æ˜¥æ¸¸,,https://dou.img.lithub.cc/music/36354802.jpg,2023-04-24,https://music.douban.com/subject/36354802/,7.7,æµè¡Œ,1,ã€‚ã€‚,,2023-05-12 08:52:53,çª¦é–ç«¥ / 2023
34965756,è±†çš®å°‘å¹´,,https://dou.img.lithub.cc/music/34965756.jpg,2020-02-07,https://music.douban.com/subject/34965756/,7.2,æµè¡Œ,5,é‚£äº›è½»å¿«çš„çŸ­å¥ï¼Œä¼šè®©äºŒä¸‰åå²çš„å¹´è½»äººæ€€å¿µèµ·åå‡ å²é‚£äº›æ²¡æœ‰ç»å†è¿‡çš„äº‹ã€‚cut: åœ¨èˆ¹åº•æ”ç—’ã€å¡”æ‚ ,,2023-05-11 11:27:14,çƒ­å†™ç”Ÿ / 2020
36364244,åˆ˜è‰³èŠ¬,,https://dou.img.lithub.cc/music/36364244.jpg,2023-04-25,https://music.douban.com/subject/36364244/,8.1,æµè¡Œ,3,è¿˜æ˜¯æ‚¦è€³çš„ã€‚ä½†æ˜¯æ—‹å¾‹æœ‰äº›æ—§äº†ï¼Œå»¶ç»­ååº§å‰§åœºçš„å¯¹ç™½ä¹Ÿå¾ˆå‡ºæˆã€‚è¦æ˜¯æ›´ indie æˆ–æ›´æ‘‡æ»šä¸€äº›å°±å¥½äº†,,2023-05-11 11:25:02,æ˜“çƒŠåƒçº / 2023
1439558,In the Aeroplane Over the Sea,,https://dou.img.lithub.cc/music/1439558.jpg,1998,https://music.douban.com/subject/1439558/,8.6,æ°‘è°£,5,ä¸ä¼šè¿‡èª‰çš„ä¸“è¾‘ã€‚å¯ä»¥é‡å»ºäººç±»æ–‡æ˜çš„ç§äººæƒ…ç»ª,,2023-05-07 13:08:06,Neutral Milk Hotel / 1998
35184899,Can You Hear The Whistle Blow,,https://dou.img.lithub.cc/music/35184899.jpg,2020-08-20,https://music.douban.com/subject/35184899/,7.6,æ‘‡æ»š,3,å¡‘æ–™,,2023-05-06 16:38:48,ç¼ºçœDefault / 2020
6885226,Crystallize,,https://dou.img.lithub.cc/music/6885226.jpg,2011-11-23,https://music.douban.com/subject/6885226/,8.8,æ‘‡æ»š,3,,,2023-05-05 05:57:22,Tokyo Shoegazer æ±äº¬é…’ååº§ / 2011
35745904,æ— æµªå‡»çŸ³,,https://dou.img.lithub.cc/music/35745904.jpg,2022-01-20,https://music.douban.com/subject/35745904/,7.1,æ‘‡æ»š,,è¿˜æ˜¯é€‚åˆåœ¨è‚®è„ã€æ˜æš—ã€é€¼ä»„çš„ç°åœºé‡Œå¬ï¼Œå¬ä»–ä»¬ä½æ˜‚çš„æƒ…ç»ªå’Œæ™¦æ˜¾çš„æ€€æ„Ÿã€‚å½•éŸ³åæ˜¾å¾—æœºæ¢°å’Œçç¢äº†ï¼Œå½“ç„¶è·Ÿåˆ¶ä½œä¹Ÿæœ‰å…³ç³»,,2023-05-05 05:56:50,å›ºä½“æé€µ Solid Liqui / 2022
35016389,L'ULTIMO SALOON DEL WEST,,https://dou.img.lithub.cc/music/35016389.jpg,2020-04-01,https://music.douban.com/subject/35016389/,8.5,æ‘‡æ»š,2,,,2023-05-05 05:51:41,THE BAD MOLDS / 2020
26998943,California Nebula,,https://dou.img.lithub.cc/music/26998943.jpg,2017-05-13,https://music.douban.com/subject/26998943/,7.8,æ‘‡æ»š,,å¹´è½»,,2023-05-05 05:50:50,ç¼ºçœ / 2017
36322262,Live at Bush Hall,,https://dou.img.lithub.cc/music/36322262.jpg,2023-03-24,https://music.douban.com/subject/36322262/,8.3,æ‘‡æ»š,,,,2023-04-30 05:47:11,"Black Country, New Road / 2023"
35267918,ååº§å‰§åœº,,https://dou.img.lithub.cc/music/35267918.jpg,2020-11-27,https://music.douban.com/subject/35267918/,8.5,æµè¡Œ,,å¥½ç©çš„å°é¡¹ç›®ï¼Œé¡¶å¤šç®—ä¸ªEPå§,,2023-04-27 07:38:46,æ˜“çƒŠåƒçº Jackson Yee / 2020
25893150,ç›¸è¦‹æ¨æ™š,,https://dou.img.lithub.cc/music/25893150.jpg,2014-07-24,https://music.douban.com/subject/25893150/,9.5,æ‘‡æ»š,5,ä¹‹å‰å¬ä¸æ‡‚ã€‚ç°åœ¨å¬æ‡‚äº†ã€‚,,2023-04-24 04:20:58,è…°ä¹é˜Ÿ / 2014
2972633,ä»–ä»¬è¯´å¿˜äº†æ‘‡æ»šæœ‰é—®é¢˜,,https://dou.img.lithub.cc/music/2972633.jpg,2008-01-30,https://music.douban.com/subject/2972633/,8.9,æ‘‡æ»š,5,å¤ªç‰›äº†ã€‚è®©æ‰€æœ‰äººå”±èµ·æ¥ï¼Œè®©æ‰€æœ‰äººåŠ å…¥è¿›æ¥,,2023-04-24 04:20:19,è…° / 2008
36461923,é‡æ‹¾_å¿«ä¹,,https://dou.img.lithub.cc/music/36461923.jpg,2023-04-21,https://music.douban.com/subject/36461923/,7.2,æµè¡Œ,,,,2023-04-23 16:59:02,æ—ä¿Šæ° / 2023
33446085,æ²¡æœ‰é¸Ÿé¸£ï¼Œå…³ä¸Šçª—å§,,https://dou.img.lithub.cc/music/33446085.jpg,2019-05-14,https://music.douban.com/subject/33446085/,8.5,æ‘‡æ»š,,å¤ªå¤ªå¤ªåœŸäº†å§,,2023-04-09 07:50:22,å£°éŸ³ç¢ç‰‡ / 2019
36089932,Alpha Zulu,,https://dou.img.lithub.cc/music/36089932.jpg,2022-11-04,https://music.douban.com/subject/36089932/,6.4,æµè¡Œ,2,å¥½éš¾å¬â€¦â€¦,,2023-04-07 12:20:18,Phoenix / 2022
36333784,æ‚²ä¼¤æœ‹å…‹,,https://dou.img.lithub.cc/music/36333784.jpg,2023-03-28,https://music.douban.com/subject/36333784/,6.1,æ‘‡æ»š,,,,2023-04-07 12:19:32,æ–°è£¤å­ / 2023
35403580,çˆ± å¹¿æ’­ é£æœº,,https://dou.img.lithub.cc/music/35403580.jpg,2021-03-19,https://music.douban.com/subject/35403580/,6.2,æ‘‡æ»š,,,,2023-04-05 06:56:46,æ–°è£¤å­ newpants / 2021
36253654,the record,,https://dou.img.lithub.cc/music/36253654.jpg,2023-03-31,https://music.douban.com/subject/36253654/,8,æ‘‡æ»š,,ä»…ä»…ä¸€å¹´æˆ‘å°±å¯¹è¿™äº›æƒ…ç»ªæ¯«æ— æ„Ÿè§‰äº†,,2023-04-05 06:30:13,boygenius / 2023
36222261,UGLY,,https://dou.img.lithub.cc/music/36222261.jpg,2023-03-03,https://music.douban.com/subject/36222261/,7.2,æµè¡Œ,5,"å¤ªçˆ½äº†ã€‚cut: Yum, UGLY, Falling, 25% Club",,2023-04-03 13:46:13,slowthai / 2023
36252767,Dogsbody,,https://dou.img.lithub.cc/music/36252767.jpg,2023-02-24,https://music.douban.com/subject/36252767/,7.7,æ‘‡æ»š,4,å¤Ÿç¡¬ï¼Œå¤Ÿé”‹åˆ©,,2023-04-03 13:44:40,Model/Actriz / 2023
35431082,Home Video,,https://dou.img.lithub.cc/music/35431082.jpg,2021-06-25,https://music.douban.com/subject/35431082/,7.8,æµè¡Œ,3,æ„Ÿè§‰åˆ¶ä½œæœ‰ç‚¹ä¿—å¥—ã€‚boygenius ä¸‰äººçš„ä¸ªäººä½œå“æˆ‘éƒ½æ²¡å•¥æ„Ÿè§‰,,2023-03-31 04:08:35,Lucy Dacus / 2021
35608696,Dandelion,,https://dou.img.lithub.cc/music/35608696.jpg,2021-09-24,https://music.douban.com/subject/35608696/,7.1,æ°‘è°£,3,åˆ¶ä½œå¾ˆä¸°å¯Œï¼Œå£°éŸ³å¤„ç†å¤ªå¥½äº†ï¼Œä½†æ˜¯æ—‹å¾‹å†™çš„å¤ªåœŸäº†,,2023-03-29 08:20:28,The Greeting Committe / 2021
36211472,Fantasy,,https://dou.img.lithub.cc/music/36211472.jpg,2023-03-17,https://music.douban.com/subject/36211472/,7.2,ç”µå­,3,å½“æ—¶æ€ç¿»æ‰€æœ‰äººè€³æœµçš„M83åœ¨è¿™ä¸ªæ—¶ä»£èƒ½åšå‡ºè¿™ä¹ˆmediocreçš„ä¸“è¾‘ä¹Ÿæ˜¯å¾ˆå¥‡æ€ªäº†,,2023-03-23 04:02:47,M83 / 2023
36082004,Cracker Island,,https://dou.img.lithub.cc/music/36082004.jpg,2023-02-24,https://music.douban.com/subject/36082004/,7.5,ç”µå­,3,"å–œæ¬¢ Oil, New Gold, Skinny Ape, Possession Island, æœ€è®¨åŒ bad bunny. æ²¡æœ‰ä¹‹å‰çš„é£æ ¼çªå‡ºå’Œé”æ°”ï¼Œä½†ä¹Ÿç®—è¶Šå¬è¶Šæœ‰å‘³äº†ã€‚æ„Ÿè§‰ç–«æƒ…åéŸ³ä¹äººé›†ä½“å˜å¾—æ›´æ¸©æŸ”äº†",,2023-02-27 13:43:22,Gorillaz / 2023
36117196,è¾›ä¸‘ï½œå£¬å¯…,,https://dou.img.lithub.cc/music/36117196.jpg,2022-10-10,https://music.douban.com/subject/36117196/,7.7,æ‘‡æ»š,3,2.5,,2023-02-25 08:51:38,æƒ˜é—» / 2022
6047593,House Of Balloons,,https://dou.img.lithub.cc/music/6047593.jpg,2011-03,https://music.douban.com/subject/6047593/,8.7,æ”¾å…‹/çµæ­Œ/R&B,4,"çŒœç«è½¦å¼çš„æµè¡Œä¸“è¾‘ï¼Œå¯¹é¢“é¡è¿›è¡Œé€æ”¯ã€‚Weeknd å¯¹æµè¡Œæ—‹å¾‹æœ‰æƒŠäººçš„è¿œè§å’Œä¾¦æŸ¥èƒ½åŠ›ï¼šå®ƒä»¬åƒç»è¿‡äº† TikTok çš„ç–¯ä¼ ã€Youtube çš„é™é€Ÿä½çœŸã€DJ çš„ remixã€ç‹¬ç«‹éŸ³ä¹äººçš„å§å®¤ cover åçš„å£°éŸ³ï¼›ä½†è¿™äº›éƒ½æ²¡æœ‰å‘ç”Ÿï¼Œæ‰€ä»¥åˆå¬æ—¶è¯§å¼‚ã€‚Cut: House Of Balloons, The Morning",,2023-02-22 11:10:37,The Weeknd / 2011
34900568,Mystic Familiar,,https://dou.img.lithub.cc/music/34900568.jpg,2020-01-31,https://music.douban.com/subject/34900568/,7.8,ç”µå­,3,"ä¸å¤ŸåŠ²å‘€ã€‚Cut: Become a Mountain, My Friend",,2023-02-21 12:03:45,Dan Deacon / 2020
35632763,Time Skiffs,,https://dou.img.lithub.cc/music/35632763.jpg,2022-02-04,https://music.douban.com/subject/35632763/,7.3,ç”µå­,3,å¥½ç©ï¼Œä½†ä¸çˆ½å•Š,,2023-02-18 03:05:05,Animal Collective / 2022
30471613,U.F.O.F.,,https://dou.img.lithub.cc/music/30471613.jpg,2019-05-03,https://music.douban.com/subject/30471613/,7.8,æ°‘è°£,4,ç¾å›½ä¹é˜Ÿå°‘æœ‰çš„æ·±æƒ…çš„å‡Œå†½,,2023-02-13 13:39:17,Big Thief / 2019
36222971,After The Magic,,https://dou.img.lithub.cc/music/36222971.jpg,2023-01-28,https://music.douban.com/subject/36222971/,7.5,æ‘‡æ»š,5,æˆ‘ä»¬çš„æƒ…æ„Ÿå› ä¸ºè¿‡æ›è€Œå¤±çœŸã€‚01å¹´å‡ºç”Ÿçš„é¦–å°”â€œåŒ¿åâ€éŸ³ä¹äººï¼Œä»¤äººé…£ç•…çš„çœŸè¯šå’Œæ‰å,,2023-02-08 10:21:12,Parannoul / 2023
36222625,Letâ€™s Start Here.,,https://dou.img.lithub.cc/music/36222625.jpg,2023-01-27,https://music.douban.com/subject/36222625/,7.2,æµè¡Œ,3,Let's stop here ğŸ¥±,,2023-02-07 10:14:22,Lil Yachty / 2023
36205539,æ£²å±…åœ¨æºªæºä¹‹ä¸Š Seeking the Sources of Streams,,https://dou.img.lithub.cc/music/36205539.jpg,2023-01-06,https://music.douban.com/subject/36205539/,8.4,è½»éŸ³ä¹,,ğŸ˜ª,,2023-02-02 14:58:23,Cicada / 2023
1395097,Amazing Grace,,https://dou.img.lithub.cc/music/1395097.jpg,2003,https://music.douban.com/subject/1395097/,7.9,æ‘‡æ»š,,ç§»å‘ä¹‹ä½œã€‚Cut: Lay It Down Slow,,2023-02-01 09:36:30,Spiritualized / 2003
36187513,åµ,,https://dou.img.lithub.cc/music/36187513.jpg,2022-12-21,https://music.douban.com/subject/36187513/,8.6,æ‘‡æ»š,5,å¤ªç²¾è‰¯å¤ªçˆ½äº†ï¼Œæ¯é¦–éƒ½å¯ä»¥å¬ä¸€ä¸‡éï¼›ä¸€ä¸‡éåè¿˜æœ‰æ–°å‘ç°ã€‚å™ªéŸ³åŠ çˆµå£«å¼€è¾Ÿäº†æˆ‘çš„æ–°å¤§é™†äº†,,2023-01-31 15:17:41,betcover!! / 2022
34965415,432,,https://dou.img.lithub.cc/music/34965415.jpg,2020-02-08,https://music.douban.com/subject/34965415/,8.4,æ‘‡æ»š,,é£æ ¼æ‚ä¹±ï¼Œæ‰€æœ‰å£°éŸ³éƒ½å¬è¿‡äº†ã€‚æ— æ„Ÿ,,2023-01-25 12:01:32,Gatsby In A Daze / 2020
36114917,Blunt Razor,,https://dou.img.lithub.cc/music/36114917.jpg,2022-10-13,https://music.douban.com/subject/36114917/,8.3,çˆµå£«,,å¥½åƒæ¸¸æˆé…ä¹,,2023-01-21 06:24:39,Sleeping Dogs / 2022
35925747,ä¸€äº›æ¬¡è¦çš„æ™‚åˆ»,,https://dou.img.lithub.cc/music/35925747.jpg,2022-06-11,https://music.douban.com/subject/35925747/,8.3,è½»éŸ³ä¹,5,"2023-01-24 é‡å¬ï¼Œæ”¹äº”æ˜Ÿã€‚åƒæ˜¯å›åˆ°äº†å¿åŸéƒŠåŒºçš„çŸ¿å±±ï¼Œåœ¨å¤©ç©ºå¯†åº¦æœ€å¤§çš„æ—¶å€™ï¼Œçœ‹äºŒç®€å­—ï¼Œå¬æ–­å£æ®‹å£çš„å‘¼å¸ï¼Œé—»ç»™è—èµ·æ¥çš„å°å­©å‡†å¤‡çš„æ™šé¥­ï¼Œè¿˜æ²¡å¼€å§‹æ‹…å¿ƒå¾…ä¼šå¦‚ä½•å€’è½¦å›å®¶ã€‚é‚£äº›æ¬¡è¦çš„æ—¶åˆ»ï¼Œåœ¨äººç”Ÿå‰åç»‡æˆäº†å¯†å¯†çš„ç½‘ã€‚åå­—æœ€å¥½ï¼Œè¯ä¹Ÿæå¥½ã€‚Cut: åœ†ã€æ™šå¸‚",,2023-01-20 07:34:48,è‡¥è»Œçš„ç«è»Š Railway Suicide Train / 2022
35644541,Everything Was Beautiful,,https://dou.img.lithub.cc/music/35644541.jpg,2022-04-22,https://music.douban.com/subject/35644541/,8.1,æ‘‡æ»š,5,"å¤ªæ„ŸåŠ¨äº†ï¼Œæ¯”LAGWAFISæ›´å–œæ¬¢ã€‚å¾ˆå¤šæ—¶åˆ»ä»¥ä¸ºè¦å†²å‘ç¡¬æ‘‡æ»šäº†ï¼Œä½†éƒ½ä¸€ä¸ªçµæ´»è½¬å¼¯å›æ¥äº†ã€‚å’±ä»¬ä¸æ•´åˆ«çš„ï¼Œåªæè¿·å¹»å“ˆã€‚Cut: Always Together With You, Crazy, The Mainline Song / The Lockdown Song",,2023-01-06 07:40:59,Spiritualized / 2022
3167189,Women,,https://dou.img.lithub.cc/music/3167189.jpg,2008-10-07,https://music.douban.com/subject/3167189/,7.7,æ‘‡æ»š,5,å®éªŒã€å™ªéŸ³ã€æ•°å­¦ã€åæœ‹ã€å¥½å¥½å¥½ã€‚Shaking Hand å¯ä»¥ç«äº‰å¹´åº¦ä½œå“,,2023-01-05 04:47:53,Women / 2008
30215509,Lemon Boy,,https://dou.img.lithub.cc/music/30215509.jpg,2018-01-01,https://music.douban.com/subject/30215509/,8.1,æ°‘è°£,3,"cut: Lemon Boy, It's U. ç¼–æ›²å’Œé…å™¨è¿˜æŒºæœ‰æ„æ€çš„. ä½†æ²¡å•¥é£æ ¼ï¼Œè¯ä¹Ÿå¤ªå¹¼ç¨šäº†",,2023-01-05 04:38:32,Cavetown / 2018
36201744,Win&Lose,,https://dou.img.lithub.cc/music/36201744.jpg,2022-12-30,https://music.douban.com/subject/36201744/,6.7,æ‘‡æ»š,,æ•°å­¦å¤§é€€æ­¥,,2022-12-31 06:22:14,Chinese Football / 2022
36073850,ç½²å‰è¡—å°‘å¹´,,https://dou.img.lithub.cc/music/36073850.jpg,2022-08-29,https://music.douban.com/subject/36073850/,8.7,æ°‘è°£,1,ï¼Ÿ,,2022-12-29 16:06:38,èµµé›· Lei Zhao / 2022
36183847,My Head Is An Animal (The Cabin Sessions),,https://dou.img.lithub.cc/music/36183847.jpg,2022-12-09,https://music.douban.com/subject/36183847/,0,,,å†æ¬¡ç¡®è®¤ Yellow Light æ˜¯æœ€ä¼Ÿå¤§çš„æ­Œæ›²ä¹‹ä¸€,,2022-12-19 15:41:29,Of Monsters and Men / 2022
1417367,Knife Play,,https://dou.img.lithub.cc/music/1417367.jpg,2002-02-19,https://music.douban.com/subject/1417367/,7.9,æµè¡Œ,5,,,2022-12-17 13:43:52,Xiu Xiu / 2002
30458467,Titanic Rising,,https://dou.img.lithub.cc/music/30458467.jpg,2019-04-05,https://music.douban.com/subject/30458467/,8.5,æ°‘è°£,,æ— æ„Ÿ,,2022-11-29 06:35:30,Weyes Blood / 2019
24870385,ç§‹ï¼šæ•…äº‹,,https://dou.img.lithub.cc/music/24870385.jpg,2013-09-18,https://music.douban.com/subject/24870385/,8.7,æµè¡Œ,5,ä¹°çš„ç¬¬ä¸€å¼ è‹æ‰“ç»¿å®ä½“ä¸“è¾‘ã€‚æ— ä¸ä¼¦æ¯”çš„è¯æ›²ã€‚çŒ®ç»™åŒ—äº¬ã€‚cut: è¯´äº†å†è§ä»¥åï¼Œå†é‡è§ï¼Œä½ å¿ƒé‡Œæœ€åä¸€ä¸ª,,2022-11-20 16:31:46,è‹æ‰“ç»¿ / 2013
35538455,ååŒ—æµªé©,,https://dou.img.lithub.cc/music/35538455.jpg,2021-07-11,https://music.douban.com/subject/35538455/,7.8,æµè¡Œ,,"ä¸çŸ¥è¿™äººä»å“ªé‡Œæ¥çš„ï¼Œåƒä¸€ä¸ªæ°‘è°£é…’å§ä¸»å”±çªç„¶è·å¾—äº†å‡ å—æ•ˆæœå™¨ã€‚ä½†æŒºå¥½å¬çš„ï¼Œä¹Ÿæ— å®³å¤„è¡¥ï¼šåˆ˜æ£®å†™å¾—æœ€å¥½çš„æ›²å’Œæœ€çƒ‚çš„è¯ğŸ™ƒ",,2022-10-26 05:55:10,åˆ˜æ£® / 2021
26891574,ä½™æ³¢,,https://dou.img.lithub.cc/music/26891574.jpg,2016-10-11,https://music.douban.com/subject/26891574/,8.3,æ‘‡æ»š,,ğŸ¥±,,2022-10-24 04:16:43,å§è½¨çš„ç«è½¦ / 2016
26886520,å·¥ä½œ,,https://dou.img.lithub.cc/music/26886520.jpg,2016-10-18,https://music.douban.com/subject/26886520/,7.7,æ‘‡æ»š,,ä¸å¤Ÿè€å¬,,2022-09-18 10:13:57,å¤§è±¡é«”æ“ / 2016
35807125,æ¢¦å¢ƒ,,https://dou.img.lithub.cc/music/35807125.jpg,2022-05-11,https://music.douban.com/subject/35807125/,7.7,æ‘‡æ»š,,,,2022-09-16 07:30:28,å¤§è±¡ä½“æ“ / 2022
26982940,"Covers, Vol. 2",,https://dou.img.lithub.cc/music/26982940.jpg,2016-11-04,https://music.douban.com/subject/26982940/,8,,5,,,2022-08-15 23:45:11,Sleeping At Last / 2016
30453853,Legacy! Legacy!,,https://dou.img.lithub.cc/music/30453853.jpg,2019-05-10,https://music.douban.com/subject/30453853/,8,æ”¾å…‹/çµæ­Œ/R&B,3,ä¸å¤Ÿè€å¬,,2022-08-09 17:47:58,Jamila Woods / 2019
25733793,è¿·èˆª,,https://dou.img.lithub.cc/music/25733793.jpg,2013-09-26,https://music.douban.com/subject/25733793/,8.3,æ‘‡æ»š,3,3.5 å‡ é¦–å¾ˆå¥½ï¼Œå‡ é¦–å¾ˆå·®ã€‚äººå£°é åäº†ï¼Œæ¦‚å¿µä¹Ÿé åäº†ã€‚Cut: åˆå¤œå¿«è½¦ã€è¿·èˆªã€é²œèŠ±åœ£æ¯,,2022-07-28 02:13:09,å‘å…‰æ›²çº¿ Glow Curve / 2013
35450427,åŠ³åŠ¨ä¹‹ä½™,,https://dou.img.lithub.cc/music/35450427.jpg,2021-05-08,https://music.douban.com/subject/35450427/,8.8,æ‘‡æ»š,2,æ²¹è…»ã€å°´å°¬ã€‚ å”¯ä¸€å–œæ¬¢çš„æ­Œé‡Œæœ‰ä¸€å¥å¹´åº¦æƒŠæ‚šæ­Œè¯â€œä¸è®©ä½ æˆ‘ä¹‹é—´æ˜¯æ³¨å®šæ˜¯ç¾å›½å¼çš„â€ã€‚ã€‚ã€‚,,2022-07-25 00:25:04,å£°éŸ³ç©å…·ä¹é˜Ÿ / 2021
33429988,è’é‡æ˜Ÿ,,https://dou.img.lithub.cc/music/33429988.jpg,2019-04-29,https://music.douban.com/subject/33429988/,8.2,æ‘‡æ»š,,å›½å†…åæ‘‡å¯¹äººå£°å’Œâ€œè¯­è¨€â€æœ‰ç§æ‰§å¿µï¼Œå¹¶ä¸”æ”¾çš„å¾ˆå‰ï¼Œè¿™å¯¹æˆ‘çš„è€³æœµæ˜¯å¾ˆéš¾æ¥å—çš„ï¼Œä½†æœ‰äº›æ—¶åˆ»ä¹Ÿæœ‰æ„å¤–çš„æ•ˆæœã€‚ç¼–æ›²æœ‰ç‚¹è–„äº†ã€‚å™äº‹çš„æ•…äº‹æ€§å¾ˆå¥½ï¼Œä½†éŸ³ä¹ä¹‹é—´ç¼ºå°‘ä¸€è‡´æ€§ã€‚Cut: ä»Šå¤œæˆ‘ä¸å…³å¿ƒäººç±»,,2022-07-23 01:54:50,å‘å…‰æ›²çº¿ / 2019
35882675,Twelve Carat Toothache,,https://dou.img.lithub.cc/music/35882675.jpg,2022-06-03,https://music.douban.com/subject/35882675/,5.5,æµè¡Œ,2,è·Ÿæ ‡é¢˜ä¸€æ ·æ²¡æœ‰è®°å¿†ç‚¹ã€‚ä¹‹å‰çœ‹é©¬é¾™çš„ç°åœºï¼Œä»¥ä¸ºä»–ä¼šé€æ¸å˜æˆä¸€ä¸ª rock starï¼Œç»“æœç°åœ¨è¶Šæ¥è¶Šåƒ kpop star äº†,,2022-07-23 01:49:23,Post Malone / 2022
35941926,Gemini Rights,,https://dou.img.lithub.cc/music/35941926.jpg,2022-07-15,https://music.douban.com/subject/35941926/,7.5,æ”¾å…‹/çµæ­Œ/R&B,3,"""bedroom pop"". Reminds me of Pony and Fuzzybrain",,2022-07-19 02:54:37,Steve Lacy / 2022
34448295,CASE STUDY 01,,https://dou.img.lithub.cc/music/34448295.jpg,2019-06-28,https://music.douban.com/subject/34448295/,8.3,æ”¾å…‹/çµæ­Œ/R&B,5,,,2022-07-11 12:31:27,Daniel Caesar / 2019
35874188,Mr. Morale & The Big Steppers,,https://dou.img.lithub.cc/music/35874188.jpg,2022-05-13,https://music.douban.com/subject/35874188/,8.9,è¯´å”±,,"è‡ªç„¶æ²¡æœ‰å‰å‡ å¼ å…¥è€³ã€‚è¿™å¼ æ›´å¤šâ€œèŠ±æ ·â€ï¼Œæ›´å¤šæ··ä¹±çš„ç§äººæƒ…æ„Ÿå’Œå‘å†…æ¢ç´¢ï¼Œè‡ªç„¶å¬ä¼—æ›´éš¾äº§ç”Ÿå…±é¸£ã€‚ä½†ä¾æ—§æ˜¯è¶…ä¸€æµçš„rapperï¼Œæ¯å¥éƒ½æ˜¯æ•™ç§‘ä¹¦å¼çš„å¤„ç†ã€‚Cut: United in Grief, Auntie Diaries",,2022-07-09 15:58:44,Kendrick Lamar / 2022
10810770,channel ORANGE,,https://dou.img.lithub.cc/music/10810770.jpg,2012-07-10,https://music.douban.com/subject/10810770/,9.2,,,,,2022-07-07 22:32:53,Frank Ocean / 2012
27166751,Call Me By Your Name (Original Motion Picture Soundtrack),,https://dou.img.lithub.cc/music/27166751.jpg,2017-11-03,https://music.douban.com/subject/27166751/,9.6,åŸå£°,5,ä¸å¿å’å¬ã€‚ä¸¤é¦–Sufjançš„å¤©æ‰ä¹‹ä½œï¼Œæ¨ç¿»ä¸€åˆ‡çš„å¤©ä½¿å—“éŸ³,,2022-07-02 00:19:30,Various Artists / 2017
35812597,Harry's House,,https://dou.img.lithub.cc/music/35812597.jpg,2022-05-20,https://music.douban.com/subject/35812597/,7.7,æµè¡Œ,3,"è¿™å¼ ä¸“è¾‘ç¼ºå°‘äº† Sign of the Times, Fine Line è¿™æ ·ä¸€é¦–èƒ½æ’‘èµ·å…¨ä¸“çš„å•æ›²ï¼Œä½†å‡ ä¹é¦–é¦–éƒ½æœ‰äº®ç‚¹ã€‚Fine Line æ˜¯æƒŠäººçš„ï¼Œè¿™å¼ æ˜¯ç²¾è‡´çš„ã€‚Cut: Music for a Sushi Restaurant, Keep Driving",,2022-06-23 22:29:18,Harry Styles / 2022
35934986,"Honestly, Nevermind",,https://dou.img.lithub.cc/music/35934986.jpg,2022-06-17,https://music.douban.com/subject/35934986/,5.4,è¯´å”±,2,Drake ä¸å‡ºå£°çš„æ—¶å€™éƒ½æ¯”è¾ƒå¥½å¬,,2022-06-22 22:06:30,Drake / 2022
21352137,Bankrupt!,,https://dou.img.lithub.cc/music/21352137.jpg,2013-04-23,https://music.douban.com/subject/21352137/,7.7,æ‘‡æ»š,5,å¥½ï¼Œå°é¢ä¹Ÿå¥½,,2022-06-03 12:34:40,Phoenix / 2013
35439075,Lucid Express,,https://dou.img.lithub.cc/music/35439075.jpg,2021-07-16,https://music.douban.com/subject/35439075/,7.8,æ‘‡æ»š,3,,,2022-06-02 15:37:56,Lucid Express / 2021
6753175,"Hurry Up, We're Dreaming",,https://dou.img.lithub.cc/music/6753175.jpg,2011-10-25,https://music.douban.com/subject/6753175/,8.8,ç”µå­,5,ä¸€å¼ å±äºåŸå¸‚çš„ä¸“è¾‘,,2022-05-31 14:07:09,M83 / 2011
35663132,Dragon New Warm Mountain I Believe in You,,https://dou.img.lithub.cc/music/35663132.jpg,2022-02-11,https://music.douban.com/subject/35663132/,8.6,æ‘‡æ»š,4,"è¿™ä¸ªä¸–çºªè¶Šæ··ä¹±çš„è¶Šè¿·äºº, è¶Šæ™¦æ¶©çš„è¶ŠçœŸè¯š. Little Things ä¸­æœ‰ä»Šå¹´å¬è¿‡çš„æœ€å¥½çš„å‰ä»–. Cut: Sparrow, Little Things, Love Love Love",,2022-05-28 16:36:56,Big Thief / 2022
1395094,Ladies and Gentlemen We Are Floating in Space,,https://dou.img.lithub.cc/music/1395094.jpg,1997-07-01,https://music.douban.com/subject/1395094/,9.2,æ‘‡æ»š,4,"cut: Ladies and Gentlemen We Are Floating in Space, Cool Waves",,2022-05-28 16:34:38,Spiritualized / 1997
26284499,Smoke + Mirrors,,https://dou.img.lithub.cc/music/26284499.jpg,2015-02-13,https://music.douban.com/subject/26284499/,7.7,æ‘‡æ»š,3,"æ¢¦é¾™åé¢ä¸“è¾‘çš„æ›²é£éƒ½å¤ªæ‚äº†ï¼Œå¥½çš„æ˜¯é‚£äº›æµè¡Œæ‘‡æ»šï¼Œç‹¬ç«‹æ‘‡æ»šï¼›ä¸å¥½çš„æ˜¯é‚£äº›ç½‘çº¢æ´—è„‘æ›²å’Œæ—è‚¯å…¬å›­æ›²ã€‚
cut: Shots (piano ver is the best!), Smoke and Mirrors, I Bet My Life",,2022-03-25 17:44:08,Imagine Dragons / 2015
34846409,Pony,,https://dou.img.lithub.cc/music/34846409.jpg,2019-10-25,https://music.douban.com/subject/34846409/,7.2,æµè¡Œ,,"åˆå¬è§‰å¾—å¥½ï¼Œæ˜äº®ã€è½»å¿«ã€‚
åçœ‹ä¹è¯„ï¼šâ€œå¾ˆå·®ã€‚â€
å†åçœ‹ç½‘å‹é€‰21ä¸–çºª50ä½³ï¼šã€ŠPonyã€‹",,2022-03-22 16:54:41,Rex Orange County / 2019
35758043,Who Cares?,,https://dou.img.lithub.cc/music/35758043.jpg,2022-03-11,https://music.douban.com/subject/35758043/,6.7,æµè¡Œ,2,å¤±å»äº†çœŸè¯šï¼Œå°±åªå‰©éš¾å¬äº†ã€‚ã€‚,,2022-03-19 00:31:53,Rex Orange County / 2022
30407330,åŠ²æ­Œçƒ­èˆ,,https://dou.img.lithub.cc/music/30407330.jpg,2018-11-30,https://music.douban.com/subject/30407330/,7.8,æµè¡Œ,3,"""Darling save me"" æ˜¯ä»€ä¹ˆæ„æ€ï¼Ÿ",,2022-03-06 13:30:56,é©¬èµ›å…‹ä¹é˜Ÿ / 2018
35624529,Ants From Up There,,https://dou.img.lithub.cc/music/35624529.jpg,2022-02-04,https://music.douban.com/subject/35624529/,8.9,æ‘‡æ»š,4,"å°‘äº†ç¬¬ä¸€å¼ çš„å‡›å†½é”æ°”å’Œå™äº‹æ€§ï¼Œæƒ…ç»ªæ›´åŠ å…·ä½“å’Œæ­‡æ–¯åº•é‡Œã€‚cut: Concorde, Snow Globes, Basketball Shoes",,2022-02-27 02:30:34,"Black Country, New Road / 2022"
35621387,30,,https://dou.img.lithub.cc/music/35621387.jpg,2021-11-19,https://music.douban.com/subject/35621387/,7.6,æµè¡Œ,1,,,2022-02-05 16:39:14,Adele / 2021
2347961,Oracular Spectacular,,https://dou.img.lithub.cc/music/2347961.jpg,2008-01-22,https://music.douban.com/subject/2347961/,8.5,ç”µå­,,ä¸å–œæ¬¢,,2022-02-03 17:31:00,MGMT / 2008
26921719,é£è¡Œå™¨çš„æ‰§è¡Œå‘¨æœŸ,,https://dou.img.lithub.cc/music/26921719.jpg,2016-11-25,https://music.douban.com/subject/26921719/,9.1,æµè¡Œ,4,åªå–œæ¬¢é‚£ä¸‰é¦–æµè¡Œä¹ã€‚ä¸€å¼ ç§‘å¹»ä¸“è¾‘ï¼Œæ²¡æœ‰ç»†èŠ‚ï¼Œåªæœ‰æ¡†æ¶ï¼Œè€Œæ­¤é—´å½¢æˆçš„çœŸç©ºä½¿å¾—æ— æºçš„æƒ…æ„Ÿè†¨èƒ€,,2022-02-03 17:26:59,éƒ­é¡¶ / 2016
35236661,For The First Time,,https://dou.img.lithub.cc/music/35236661.jpg,2021-02-05,https://music.douban.com/subject/35236661/,8.6,æ‘‡æ»š,4,"å™äº‹æ€§å¿…é¡»é€šè¿‡æ­Œè¯å®ç°. å™ªéŸ³ä¸åæœ‹. cut: Athens, France; Science Fair, Track X",,2022-01-13 06:23:48,"Black Country, New Road / 2021"
35285211,æˆ‘ç”¨ä»€ä¹ˆæŠŠä½ ç•™ä½,,https://dou.img.lithub.cc/music/35285211.jpg,2021-01-31,https://music.douban.com/subject/35285211/,9,æµè¡Œ,,æ²¡æœ‰ç°åœºå¥½. åˆ¶ä½œå¤ªè–„äº†,,2021-12-11 19:46:33,ç¦ç¦„å¯¿ FloruitShow / 2021
26632447,Chinese Football,,https://dou.img.lithub.cc/music/26632447.jpg,2015-09-26,https://music.douban.com/subject/26632447/,8.5,æ‘‡æ»š,3,"å³ä½¿æ˜¯è‡´æ•¬ä¹Ÿå¤ªç›¸ä¼¼äº†, å®Œå…¨ä¸€æ ·çš„æ°”è´¨...",,2021-12-11 19:44:42,Chinese Football / 2015
26911968,I See You,,https://dou.img.lithub.cc/music/26911968.jpg,2017-01-13,https://music.douban.com/subject/26911968/,7.8,ç”µå­,,,,2021-12-07 14:56:33,The xx / 2017
4010504,xx,,https://dou.img.lithub.cc/music/4010504.jpg,2009-08-17,https://music.douban.com/subject/4010504/,8.9,æ‘‡æ»š,,cut: cover,,2021-12-06 18:17:43,The xx / 2009
33407365,"LABRINTH, SIA & DIPLO PRESENT... LSD",,https://dou.img.lithub.cc/music/33407365.jpg,2019-04-12,https://music.douban.com/subject/33407365/,7.8,æµè¡Œ,5,ä¸–ç•Œéœ€è¦ LSD!!! æ¯ä¸€é¦–éƒ½5 stars!,,2021-11-26 17:38:31,LSD / 2019
35118833,è¿·æµ·è®°äº‹,,https://dou.img.lithub.cc/music/35118833.jpg,2020-06-25,https://music.douban.com/subject/35118833/,7.6,æ‘‡æ»š,4,live åŠ ä¸€æ˜Ÿ. ä¸€åˆ°å½•éŸ³å®¤å°±æ˜¾å¾—è¾ƒå¹³åº¸äº†. è¯å¾ˆå·®......,,2021-11-12 00:01:28,å”¯åˆ©ç‰ç¢è®¡åˆ’ / 2020
26315631,"Sometimes I Sit and Think, and Sometimes I Just Sit",,https://dou.img.lithub.cc/music/26315631.jpg,2015-03-23,https://music.douban.com/subject/26315631/,8.8,æ‘‡æ»š,5,è¶Šå¬è¶Šå¥½å¬,,2021-11-07 23:02:43,Courtney Barnett / 2015
1417805,Illinoise,,https://dou.img.lithub.cc/music/1417805.jpg,2005-07-05,https://music.douban.com/subject/1417805/,9.3,æ°‘è°£,,2021ï¼Œèˆ’è‚¤ä½³çš„ 50 å·è®¡åˆ’è¿˜æ˜¯åªæœ‰ Illinois,,2021-11-01 17:57:28,Sufjan Stevens / 2005
10738197,ä¸€äº›é£æ™¯,,https://dou.img.lithub.cc/music/10738197.jpg,2012-05-25,https://music.douban.com/subject/10738197/,9.4,æ°‘è°£,5,è¿™äº›æ­Œä¸çŸ¥é“æ€ä¹ˆå¬ï¼Œå°±åƒä¸€äº›é£æ™¯åœ¨çº¢çº¸ä¸Šè¢«åµŒåœ¨æœ¨å¤´é‡Œ,,2021-10-28 14:51:02,äº”æ¡äºº / 2012
26339045,To Pimp a Butterfly,,https://dou.img.lithub.cc/music/26339045.jpg,2015-03-16,https://music.douban.com/subject/26339045/,9.5,è¯´å”±,5,"å†™äº†å¾ˆé•¿ä¸€æ®µçŸ­è¯„çš„, ä¸çŸ¥é“ä¸ºå•¥ä¸è§äº†. æ€»ä¹‹å®Œç¾",,2021-10-20 13:20:21,Kendrick Lamar / 2015
35538142,Pressure Machine,,https://dou.img.lithub.cc/music/35538142.jpg,2021-08-13,https://music.douban.com/subject/35538142/,7.4,æ‘‡æ»š,,ä¸çŸ¥é“æ€ä¹ˆå¬ The Killers çš„æ­Œäº†. æ„Ÿè§‰èŠ±å”çš„å£°éŸ³è·Ÿç¼–æ›²ä¸æ­. Cut: Desperate Things,,2021-10-18 19:09:39,The Killers / 2021
35623286,æ§Ÿæ¦”å°æ›²,,https://dou.img.lithub.cc/music/35623286.jpg,2021-10-12,https://music.douban.com/subject/35623286/,8.6,ä¸–ç•ŒéŸ³ä¹,4,Graaaally Town,,2021-10-13 18:32:54,Sleeping Dogs / 2021
34850957,Roadkill,,https://dou.img.lithub.cc/music/34850957.jpg,2019-09-30,https://music.douban.com/subject/34850957/,7,æµè¡Œ,4,,,2021-10-11 15:38:49,æ‰“å€’ä¸‰æ˜æ²» / 2019
1785574,American Football,,https://dou.img.lithub.cc/music/1785574.jpg,1999-09-14,https://music.douban.com/subject/1785574/,9.2,æ‘‡æ»š,5,"è¿™æ˜¯ä¸€å¼ å®šä¹‰äº†ä¸€ç§æƒ…ç»ªçš„ä¸“è¾‘, æœ‰ç²—ç³™çš„åœ°æ–¹, ä½†è¶Šå¬è¶ŠåŠ¨äºº. Never Meant æ˜¯ä¸€é¦–æ­Œèƒ½æŠŠæ•´å¼ ä¸“è¾‘æ‹‰åˆ°æ»¡æ˜Ÿçš„å¥½. Honestly?, Stay Home",,2021-10-06 11:34:21,American Football / 1999
26959642,Landmark,,https://dou.img.lithub.cc/music/26959642.jpg,2017-02-24,https://music.douban.com/subject/26959642/,7.8,æµè¡Œ,,Epitaph,,2021-09-23 18:23:05,Hippo Campus / 2017
35544617,æ˜å¤©çš„ç›,,https://dou.img.lithub.cc/music/35544617.jpg,2021-08-20,https://music.douban.com/subject/35544617/,6.3,æ‘‡æ»š,,,,2021-09-19 17:15:41,æ˜å¤©çš„ç› / 2021
27619133,Junkyard Jazz,,https://dou.img.lithub.cc/music/27619133.jpg,2017-11-17,https://music.douban.com/subject/27619133/,8,æ‘‡æ»š,,Is There a Place I Can go,,2021-09-13 19:36:21,Trudy and the Romance / 2017
35566072,Pono,,https://dou.img.lithub.cc/music/35566072.jpg,2021-08-13,https://music.douban.com/subject/35566072/,0,æµè¡Œ,,Beat Up Shoes,,2021-08-19 21:50:44,A Great Big Pile of Leaves / 2021
30456234,Fuzzybrain,,https://dou.img.lithub.cc/music/30456234.jpg,2018-08-28,https://music.douban.com/subject/30456234/,8.2,æ°‘è°£,3,Can I Call You Tonight ,,2021-08-11 13:35:03,Dayglow / 2018
34900834,VIVID,,https://dou.img.lithub.cc/music/34900834.jpg,2019-11-22,https://music.douban.com/subject/34900834/,7.2,ç”µå­,2,,,2021-08-10 13:43:07,ADOY / 2019
26923739,éƒ­æºæ½®,,https://dou.img.lithub.cc/music/26923739.jpg,2017-05-09,https://music.douban.com/subject/26923739/,9.3,æ°‘è°£,5,çœŸå¥½,,2021-06-13 09:48:03,å®‹å†¬é‡ / 2017
35453317,The Off-Season,,https://dou.img.lithub.cc/music/35453317.jpg,2021-05-14,https://music.douban.com/subject/35453317/,7.1,è¯´å”±,3,"m y . l i f e, i n t e r l u d e",,2021-05-16 18:52:55,J. Cole / 2021
34462895,Still Water,,https://dou.img.lithub.cc/music/34462895.jpg,2019-06-28,https://music.douban.com/subject/34462895/,7.9,æ‘‡æ»š,3,,,2021-05-16 15:52:40,Pale Air / 2019
35292992,å†€è¥¿å—æ—è·¯è¡Œ,,https://dou.img.lithub.cc/music/35292992.jpg,2020-12-22,https://music.douban.com/subject/35292992/,9.5,æ‘‡æ»š,5,,,2021-03-31 23:58:59,ä¸‡èƒ½é’å¹´æ—…åº— / 2020
34962858,Future Nostalgia,,https://dou.img.lithub.cc/music/34962858.jpg,2020-03-27,https://music.douban.com/subject/34962858/,8.6,æµè¡Œ,1,ï¼Ÿ,,2021-03-31 19:36:33,Dua Lipa / 2020
26345596,Beneath The Skin,,https://dou.img.lithub.cc/music/26345596.jpg,2015-06-09,https://music.douban.com/subject/26345596/,8.2,æ°‘è°£,5,ä¼šè¿›å…¥æˆ‘ä¸ªäººéŸ³ä¹å²çš„ä¸€å¼ ä¸“è¾‘,,2021-03-02 13:18:49,Of Monsters And Men / 2015
30418545,Aren`t You?,,https://dou.img.lithub.cc/music/30418545.jpg,2018-12-06,https://music.douban.com/subject/30418545/,7.8,æ‘‡æ»š,4,éš¾å¾—å–œæ¬¢çš„éŸ©å›½éŸ³ä¹ã€‚ã€ŠThe Lights Behind Youã€‹,,2021-02-18 17:26:58,SURL ì„¤ / 2018
3783526,"You Can Listen, You Can Talk",,https://dou.img.lithub.cc/music/3783526.jpg,2009-06-26,https://music.douban.com/subject/3783526/,8.2,æ‘‡æ»š,3,Bouncing guitars å’Œå®ˆæœ›çš„å¥¶å£°,,2021-01-13 17:51:18,Carsick Cars / 2009
35222820,å†Šè‘‰ä¸€ï¼šä¸€èˆ‡ä¸€,,https://dou.img.lithub.cc/music/35222820.jpg,2020-11-13,https://music.douban.com/subject/35222820/,8.3,æµè¡Œ,4,æ—§ä½œä¸“å…¶å®è¿˜æ˜¯æœŸå¾…çš„æ˜¯â€œå§å®¤â€åˆ¶ä½œã€‚ç¼–æ›²å’Œæ¼”å”±éƒ½å»¶ç»­äº†ä¸Šä¸€å¼ ä¸ªäººä¸“çš„â€œå®éªŒâ€æ€§ï¼Œä½†å› ä¸ºæ˜¯â€é‡å”±â€ï¼Œæ‰€ä»¥æ„Ÿè§‰åƒæ˜¯é’å³°åœ¨è·Ÿå‡æƒ³çš„å¬ä¼—çš„ä¸€åœºæ²Ÿé€šå’Œææ–—ï¼Œæ•…ç„¶ç›¸å¯¹éš¾ä»¥è¿›å…¥ã€‚ä½†ä¸“è¾‘è´¨é‡è¿˜æ˜¯åœ¨é‚£çš„,,2021-01-07 14:27:47,å³é’å³° / 2020
35296537,é˜¿æ°‘ï¼ˆAh-Minï¼‰,,https://dou.img.lithub.cc/music/35296537.jpg,2020-12-23,https://music.douban.com/subject/35296537/,8.4,æ‘‡æ»š,5,ç¡®å®å½•éŸ³ã€åˆ¶ä½œç‘•ç–µå¤ªå¤šäº†ï¼Œä½†è¿™ä¸ªå£°éŸ³å®åœ¨ç­‰å¾—å¤ªä¹…äº†,,2021-01-02 09:00:59,ä¹è¿çœŸäºº / 2020
35294927,é‹æ°£ä¾†å¾—è‹¥æœ‰ä¼¼ç„¡,,https://dou.img.lithub.cc/music/35294927.jpg,2020-12-31,https://music.douban.com/subject/35294927/,7.1,æµè¡Œ,2,ä¸çŸ¥é“å¬äº†ä¸ªå•¥ã€‚ä»çµåŠ¨æŠ½ç¦»è½¬èº«å°±å˜å¾—è…»æ­ªåœ†æ»‘,,2021-01-02 08:59:59,å‘Šäº”äºº Accusefive / 2020
34992324,Imploding The Mirage,,https://dou.img.lithub.cc/music/34992324.jpg,2020-08-21,https://music.douban.com/subject/34992324/,7.3,æµè¡Œ,3,,,2020-12-13 16:43:25,The Killers / 2020
3864765,å¿åŸè®°,,https://dou.img.lithub.cc/music/3864765.jpg,2009-07-11,https://music.douban.com/subject/3864765/,9,æ°‘è°£,5,é˜¿èŒ‚å•Šé˜¿èŒ‚,,2020-10-08 20:41:36,äº”æ¡äºº / 2009
34899382,å¿åŸè®°,,https://dou.img.lithub.cc/music/34899382.jpg,2013-9-28,https://music.douban.com/subject/34899382/,9.3,æ°‘è°£,5,è½,,2020-10-08 20:40:06,äº”æ¡äºº æœ±èŠ³ç¼ æ¢å¸† æµ·ä¸°çŒªå¨å°ç»„ / 2013
5351500,21,,https://dou.img.lithub.cc/music/5351500.jpg,2011-01-24,https://music.douban.com/subject/5351500/,9.3,æµè¡Œ,4,ç°åœ¨å†å¬å¬æ„Ÿåè€Œæ²¡æœ‰ã€Š25ã€‹å¥½ï¼Œå¾ˆå¤šå¬ä¸åŠ¨äº†ã€‚è¿˜å–œæ¬¢çš„æœ‰ã€ŠRumour Has Itã€‹ã€ŠSomeone Like Youã€‹,,2020-09-21 18:55:37,Adele / 2011
26933200,æ¢¦å¹»ä¸½èå‘å»Š,,https://dou.img.lithub.cc/music/26933200.jpg,2016-12-12,https://music.douban.com/subject/26933200/,8.6,æ°‘è°£,5,"ç»éªŒå¦‚æ­¤æµ“çƒˆçš„ä¸“è¾‘ã€‚ã€Šæ¢¦å¹»ä¸½èå‘å»Šã€‹ã€ŠæŸ”å’Œé‡Œã€‹ã€Šå¾ˆå¤šå¾ˆå¤šã€‹
8/18/2022 å†å¬ï¼Œã€Šåˆæ‹ã€‹ï¼šå˜¿ï¼Œæˆ‘çš„æœ‹å‹ï¼Œæˆ‘ç¥ä½ ä¸€åˆ‡é¡ºåˆ©ï¼Œç”Ÿæ´»æ„‰å¿«ã€‚",,2020-09-21 18:51:59,äº”æ¡äºº / 2016
26647907,25,,https://dou.img.lithub.cc/music/26647907.jpg,2015-11-20,https://music.douban.com/subject/26647907/,8.2,æµè¡Œ,5,é˜¿å‘†æœ‰è®©äººæƒ³ä¸€å¤´æ‰è¿›å»çš„æ¸©æš–å£°éŸ³,,2020-09-19 21:41:40,Adele / 2015
26712333,ç«¥å¿ƒä¹‹æº,,https://dou.img.lithub.cc/music/26712333.jpg,2016-01-26,https://music.douban.com/subject/26712333/,7.5,æ‘‡æ»š,3,,,2020-09-09 14:52:46,æ³•å…¹ä¹é˜Ÿ FAZI / 2016
30115889,æ­»æµ·,,https://dou.img.lithub.cc/music/30115889.jpg,2018-01-26,https://music.douban.com/subject/30115889/,7.7,æ‘‡æ»š,3,æ•´å¼ ä¸“è¾‘åƒå¬äº†ä¸€é¦–æ­Œ,,2020-09-02 14:18:13,æ³•å…¹ FAZI / 2018
27067358,æ¬²æœ›ä¹‹å¿ƒ,,https://dou.img.lithub.cc/music/27067358.jpg,2017-07-18,https://music.douban.com/subject/27067358/,6.6,æ‘‡æ»š,4,3.5 åˆ˜é¹å”±æ­Œä¹Ÿå¤ªéš¾å¬äº†ã€‚ã€‚ã€‚è¯ä¹Ÿæœ‰ç‚¹å°´å°¬ã€‚è´æ–¯ğŸ˜ï¼Œå‰ä»–ğŸ™ã€‚å–œæ¬¢ã€Šé©¬å…»ã€‹,,2020-09-02 14:17:03,æ³•å…¹ FAZI / 2017
35016433,å‡æ°´,,https://dou.img.lithub.cc/music/35016433.jpg,2020-04-01,https://music.douban.com/subject/35016433/,7.8,æ‘‡æ»š,3,,,2020-09-01 16:50:36,æ³•å…¹ FAZI / 2020
4237762,Tourist History,,https://dou.img.lithub.cc/music/4237762.jpg,2010-02-17,https://music.douban.com/subject/4237762/,8.3,æµè¡Œ,5,"""Do you want it all?"" ""Undercover Martyn""",,2020-08-16 19:46:28,Two Door Cinema Club / 2010
35024051,ä¸ç¡®å®šçš„è‡ªç”±è½ä½“,,https://dou.img.lithub.cc/music/35024051.jpg,2020-03-27,https://music.douban.com/subject/35024051/,7,æ‘‡æ»š,3,,,2020-07-27 21:53:50,è™å•¸æ˜¥ / 2020
30260888,Lovely Sunday,,https://dou.img.lithub.cc/music/30260888.jpg,2018-08-01,https://music.douban.com/subject/30260888/,8.2,æµè¡Œ,4,é˜¿å¥‡çˆ±è‡ªç”±~,,2020-07-27 17:42:43,æ¤…å­ä¹å›¢ / 2018
35101591,è¿‘äººå¯è¯»,,https://dou.img.lithub.cc/music/35101591.jpg,2020-06-19,https://music.douban.com/subject/35101591/,8.6,æµè¡Œ,4,æ„å¤–çš„å¥½,,2020-07-13 23:52:02,å¯¸é“ / 2020
26992306,Melodrama,,https://dou.img.lithub.cc/music/26992306.jpg,2017-06-16,https://music.douban.com/subject/26992306/,9.3,æµè¡Œ,4,,,2020-05-14 18:27:14,Lorde / 2017
5344708,ä¸‡èƒ½é’å¹´æ—…åº—,,https://dou.img.lithub.cc/music/5344708.jpg,2010-11-12,https://music.douban.com/subject/5344708/,9.5,æ‘‡æ»š,5,æ€ä¹ˆå”±ï¼Œæ€ä¹ˆå–Šï¼Œæ€ä¹ˆè¯´ï¼Ÿã€Šæ€æ­»é‚£ä¸ªçŸ³å®¶åº„äººã€‹ã€Šåä¸‡å¬‰çš®ã€‹ã€Šç§¦çš‡å²›ã€‹,,2020-05-12 13:00:12,ä¸‡èƒ½é’å¹´æ—…åº— / 2010
27014505,DAMN.,,https://dou.img.lithub.cc/music/27014505.jpg,2017-04-21,https://music.douban.com/subject/27014505/,9.2,è¯´å”±,5,å°±æ˜¯æ•´å¤©å¬è¿™å¼ ä¸“è¾‘ï¼Œæˆ‘é«˜è€ƒè‹±è¯­å£è¯­æ‹¿äº†æ»¡åˆ†,,2020-04-25 16:16:52,Kendrick Lamar / 2017
35022296,Fetch the Bolt Cutters,,https://dou.img.lithub.cc/music/35022296.jpg,2020-04-17,https://music.douban.com/subject/35022296/,8.9,æµè¡Œ,,,,2020-04-19 16:09:56,Fiona Apple / 2020
34966411,The New Abnormal,,https://dou.img.lithub.cc/music/34966411.jpg,2020-04-10,https://music.douban.com/subject/34966411/,8.9,æ‘‡æ»š,5,"2020å¬è¿™å¼ ä¸“çš„æ„Ÿè§‰å°±åƒåœ¨ä¸€æ— äººçš„é€šå‘æœªçŸ¥çš„éš§é“é‡Œè„‘æµ·é‡Œçªç„¶å“èµ·å£°éŸ³ï¼š""å›æ¥äº†ï¼Œå…¨éƒ½å›æ¥äº†""",,2020-04-17 22:50:13,The Strokes / 2020
25721800,Pure Heroine,,https://dou.img.lithub.cc/music/25721800.jpg,2013-09-30,https://music.douban.com/subject/25721800/,8.7,æµè¡Œ,5,pure talent,,2020-03-25 00:30:32,Lorde / 2013
34970148,After Hours,,https://dou.img.lithub.cc/music/34970148.jpg,2020-03-20,https://music.douban.com/subject/34970148/,8.7,æ”¾å…‹/çµæ­Œ/R&B,3,,,2020-03-23 01:26:03,The Weeknd / 2020
26753594,é†œå¥´å…’,,https://dou.img.lithub.cc/music/26753594.jpg,2016-04-30,https://music.douban.com/subject/26753594/,9.1,æ‘‡æ»š,5,åè¯­ç¬¬ä¸€ä¸“ã€‚,,2020-03-10 22:44:46,è‰æ±æ²’æœ‰æ´¾å° / 2016
34095617,æˆ‘è‚¯å®šåœ¨å‡ ç™¾å¹´å‰å°±è¯´è¿‡çˆ±ä½ ,,https://dou.img.lithub.cc/music/34095617.jpg,2019-06-14,https://music.douban.com/subject/34095617/,7.7,æ‘‡æ»š,4,ã€Šçˆ±äººé”™è¿‡ã€‹ã€Šæ³•å…°è¥¿å¤šå£«ã€‹ã€Šè·³æµ·ã€‹ã€Šæœç„¶ä½ è¿˜æ˜¯ã€‹,,2020-03-10 22:43:08,å‘Šäº”äºº / 2019
34869743,Pony,,https://dou.img.lithub.cc/music/34869743.jpg,2019-10-25,https://music.douban.com/subject/34869743/,8,æµè¡Œ,4,å°é¢å¥½è¯„ã€‚å¯ä»¥å†é£æ ¼ä¸€ç‚¹ã€‚ã€ŠPluto Projectorã€‹ã€ŠIt's Not The Same Any MOreã€‹,,2020-02-29 14:48:50,REX ORANGE COUNTY / 2019
26859478,Blonde,,https://dou.img.lithub.cc/music/26859478.jpg,2016-08-21,https://music.douban.com/subject/26859478/,9.2,æ”¾å…‹/çµæ­Œ/R&B,5,æä½³,,2020-02-23 15:17:17,Frank Ocean / 2016
33451491,IGOR,,https://dou.img.lithub.cc/music/33451491.jpg,2019-05-17,https://music.douban.com/subject/33451491/,9.2,è¯´å”±,5,Genius,,2020-02-23 15:16:16,"Tyler, the Creator / 2019"
34958774,Changes,,https://dou.img.lithub.cc/music/34958774.jpg,2020-02-14,https://music.douban.com/subject/34958774/,6.3,æµè¡Œ,2,,,2020-02-23 15:14:26,Justin Bieber / 2020
30450334,"WHEN WE ALL FALL ASLEEP, WHERE DO WE GO?",,https://dou.img.lithub.cc/music/30450334.jpg,2019-03-29,https://music.douban.com/subject/30450334/,7.8,æµè¡Œ,4,"å–œä¸å–œæ¬¢éƒ½æ²¡å…³ç³»ã€‚ç¢§æ¢¨æ—¶ä»£

2021-3-6 ï¼ˆæ”¹4æ˜Ÿï¼‰ï¼š
ç»å¯¹çš„æ–°å£°ã€‚Billie çš„å—“éŸ³æ²¡çš„è¯´ï¼Œä½éŸ³ä¹Ÿç”¨çš„å¾ˆå¥½å¾ˆæœ‰æƒ³æ³•ã€‚Intro å¾ˆæ£’ã€‚ç”¨åŠ›è¿‡çŒ›å¯¼è‡´æƒ…æ„Ÿå•ä¸€å’Œå¹¼ç¨š",,2020-02-23 15:12:50,Billie Eilish / 2019
26909201,Stoney,,https://dou.img.lithub.cc/music/26909201.jpg,2016-12-09,https://music.douban.com/subject/26909201/,8.4,æ”¾å…‹/çµæ­Œ/R&B,5,é©¬é¾™æ—¶ä»£åºå¹•,,2020-02-23 15:11:33,Post Malone / 2016
34816713,Hollywoodâ€™s Bleeding,,https://dou.img.lithub.cc/music/34816713.jpg,2019-09-06,https://music.douban.com/subject/34816713/,8.2,æµè¡Œ,4,,,2020-02-23 15:11:01,Post Malone / 2019
27590100,Beerbongs & Bentleys,,https://dou.img.lithub.cc/music/27590100.jpg,2018-04-27,https://music.douban.com/subject/27590100/,8.3,æ”¾å…‹/çµæ­Œ/R&B,5,é©¬é¾™æ—¶ä»£,,2020-02-23 15:10:47,Post Malone / 2018
1394652,The Bends,,https://dou.img.lithub.cc/music/1394652.jpg,1995,https://music.douban.com/subject/1394652/,9.3,æ‘‡æ»š,5,Baby got the bends,,2020-02-23 15:07:10,Radiohead / 1995
1394590,O,,https://dou.img.lithub.cc/music/1394590.jpg,2003,https://music.douban.com/subject/1394590/,9.1,æµè¡Œ,,,,2020-02-23 15:06:11,Damien Rice / 2003
1394600,X&Y,,https://dou.img.lithub.cc/music/1394600.jpg,2005-06-07,https://music.douban.com/subject/1394600/,8.6,æ‘‡æ»š,,,,2020-02-23 15:06:07,Coldplay / 2005
1394653,OK Computer,,https://dou.img.lithub.cc/music/1394653.jpg,1997,https://music.douban.com/subject/1394653/,9.4,æ‘‡æ»š,5,æœ€ä¼Ÿå¤§çš„ä¸“è¾‘ä¹‹ä¸€ã€‚é‚£äº›å‹‡äºä¹¦å†™æ³¨å®šè¿‡æ—¶çš„çš„ä¸œè¥¿çš„ä½œå“ä¹Ÿæœ‰æœºä¼šè·ƒå…¥æ°¸æ’,,2020-02-23 15:05:37,Radiohead / 1997
3801984,ã‚ã‚ŠãŒã¨ã†ï½,,https://dou.img.lithub.cc/music/3801984.jpg,2005-07-27,https://music.douban.com/subject/3801984/,8.8,,5,é­”ç‹çš„è¿™é¦–EDçœŸçš„å¥½èµ...,,2014-06-09 20:15:40,Bon'z / 2005
24840163,Pacific Rim,,https://dou.img.lithub.cc/music/24840163.jpg,2013-06-25,https://music.douban.com/subject/24840163/,9,åŸå£°,5,ç¯å¤ªå¹³æ´‹ä¸€æ˜Ÿç»å¯¹è¦ç»™è¿™OST!!!,,2013-08-23 14:52:43,Ramin Djawadi / 2013
3657047,Dearly Beloved,,https://dou.img.lithub.cc/music/3657047.jpg,2021,https://music.douban.com/subject/3657047/,7.7,æµè¡Œ,5,,,2012-08-20 07:20:03,Daughtry / 2021
5376660,pechal'nyy angel,,https://dou.img.lithub.cc/music/5376660.jpg,2010-10-22,https://music.douban.com/subject/5376660/,9.4,è½»éŸ³ä¹,5,,,2011-05-15 23:44:06,ä¼Šæˆˆå°”Â·å…‹é²æ‰˜ä¼ŠĞ˜Ğ³Ğ¾Ñ€ÑŒ ĞšÑ€ÑƒÑ‚Ğ¾Ğ¹ / 2010
1794659,I Want It That Way,,https://dou.img.lithub.cc/music/1794659.jpg,1999,https://music.douban.com/subject/1794659/,9.2,æµè¡Œ,5,,,2009-09-13 13:29:25,Backstreet Boys / 1999
1796619,Stand by Me,,https://dou.img.lithub.cc/music/1796619.jpg,2006-07-11,https://music.douban.com/subject/1796619/,8.8,æ”¾å…‹/çµæ­Œ/R&B,4,,,2009-07-12 09:59:04,Shayne Ward / 2006
1840485,No Promises,,https://dou.img.lithub.cc/music/1840485.jpg,2006-10-03,https://music.douban.com/subject/1840485/,9.1,æ”¾å…‹/çµæ­Œ/R&B,5,,,2009-07-12 09:58:52,Shayne Ward / 2006
2213785,No U Hang Up / If That's Ok With You,,https://dou.img.lithub.cc/music/2213785.jpg,2007-08-27,https://music.douban.com/subject/2213785/,8.5,,4,,,2009-07-12 09:58:48,Shayne Ward / 2007
1486367,That's My Goal,,https://dou.img.lithub.cc/music/1486367.jpg,2006-01-17,https://music.douban.com/subject/1486367/,8.9,æ”¾å…‹/çµæ­Œ/R&B,5,,,2009-07-12 09:58:40,Shayne Ward / 2006
2330103,Breathless,,https://dou.img.lithub.cc/music/2330103.jpg,2007-11-26,https://music.douban.com/subject/2330103/,8.3,æµè¡Œ,5,,,2009-07-12 09:58:07,Shayne Ward / 2007
1765229,Shayne Ward,,https://dou.img.lithub.cc/music/1765229.jpg,2006,https://music.douban.com/subject/1765229/,8.3,æ”¾å…‹/çµæ­Œ/R&B,5,,,2009-07-12 09:57:30,Shayne Ward / 2006
1761531,You Are Not Alone / Scream Louder,,https://dou.img.lithub.cc/music/1761531.jpg,1995-08-16,https://music.douban.com/subject/1761531/,9.7,æ”¾å…‹/çµæ­Œ/R&B,5,,,2009-07-09 22:14:02,Michael Jackson / 1995